id,productId,root_name,diseaseId,disease,articles_count,category,calculated_dw,article_number,title,pubmed,PMID,doi,DOI,pmc,PMCID,pubtypes,disease_rates,diseases_rate_all_null,ai_extracted_types,ai_calculated_rate,disease_rate_combination,name,item_name,another_item,processing_status,dynamic_root_causes,labs,createdAt,updatedAt,scientific_name,code,foundation_url,icd_title,ai_pubtypes
2212553,63,pomegranate,1,type 2 diabetes mellitus,19,ready,285,18,The effect of pomegranate (Punica granatum) supplementation on metabolic status in patients with type 2 diabetes: A systematic review and meta-analysis.,https://pubmed.ncbi.nlm.nih.gov/32951728/,32951728,https://doi.org/10.1016/j.ctim.2020.102478,10.1016/j.ctim.2020.102478,No PMC available,NULL,"Journal Article, Meta-Analysis",5,0,NULL,NULL,0,pomegranate and type 2 diabetes mellitus,Pomegranate,NULL,supplementation,"{""1"":{""name"":""insulin resistance"",""benefit_exactly"":null,""benefit_descriptive"":null},""2"":{""name"":""oxidative stress"",""benefit_exactly"":null,""benefit_descriptive"":null}}","[{""type"":""glucose"",""name"":""fasting blood glucose (FBG)"",""benefit"":null,""short_description"":null,""quantity"":null},{""type"":""hba1c"",""name"":""glycosylated hemoglobin percentage (HbA1c)"",""benefit"":null,""short_description"":null,""quantity"":null},{""type"":""insulin"",""name"":""insulin levels"",""benefit"":null,""short_description"":null,""quantity"":null},{""type"":""c_reactive_protein"",""name"":""high sensitive c-reactive protein (Hs-CRP)"",""benefit"":null,""short_description"":null,""quantity"":null},{""type"":""alt_gpt"",""name"":""total antioxidant capacity (TAC)"",""benefit"":null,""short_description"":null,""quantity"":null},{""type"":""triglycerides"",""name"":""triglycerides (TG)"",""benefit"":null,""short_description"":null,""quantity"":null},{""type"":""total_cholesterol"",""name"":""total cholesterol (TC)"",""benefit"":null,""short_description"":null,""quantity"":null},{""type"":""hdl_c_direct"",""name"":""high lipoprotein cholesterol (HDL-C)"",""benefit"":null,""short_description"":null,""quantity"":null},{""type"":""ldl_cholesterol"",""name"":""low lipoprotein cholesterol (LDL-C)"",""benefit"":null,""short_description"":null,""quantity"":null}]",2026-06-04 16:43:10.654+02,2026-06-04 21:03:30.941+02,Punica granatum,5A11,http://id.who.int/icd/entity/119724091,Type 2 diabetes mellitus,Systematic Review
2212554,63,pomegranate,1,type 2 diabetes mellitus,19,ready,285,1,The effects of pomegranate consumption on glycemic indices in adults: A systematic review and meta-analysis.,https://pubmed.ncbi.nlm.nih.gov/38194826/,38194826,https://doi.org/10.1016/j.dsx.2024.102940,10.1016/j.dsx.2024.102940,No PMC available,NULL,"Meta-Analysis, Journal Article",5,NULL,NULL,NULL,5,pomegranate and type 2 diabetes mellitus,Pomegranate,NULL,consumption,"{""1"":{""name"":""insulin resistance"",""benefit_exactly"":""pomegranate consumption significantly reduced fasting insulin (WMD: -1.06 μU/ml; 95%CI: -1.79 to -0.33; p = 0.004) and HOMA-IR (WMD: -0.30; 95%CI: -0.61 to -0.00; p = 0.046)."",""benefit_descriptive"":""Pomegranate consumption improved insulin sensitivity and reduced insulin resistance.""}}","[{""type"":""fasting_plasma_glucose"",""name"":""fasting blood glucose"",""benefit"":""pomegranate consumption significantly reduced FBG (WMD: -2.22 mg/dL; 95% CI: -3.95 to -0.50; p = 0.012)."",""short_description"":""Pomegranate consumption lowered fasting blood glucose levels."",""quantity"":""-2.22 mg/dL""},{""type"":""hba1c"",""name"":""hemoglobin A1c"",""benefit"":""pomegranate consumption significantly reduced HbA1c (WMD: -0.22%; 95% CI: -0.43 to -0.01; p = 0.037)."",""short_description"":""Pomegranate consumption reduced hemoglobin A1c levels."",""quantity"":""-0.22%""}]",2026-06-04 16:43:10.654+02,2026-06-04 21:03:30.941+02,Punica granatum,5A11,http://id.who.int/icd/entity/119724091,Type 2 diabetes mellitus,Systematic Review
2212555,63,pomegranate,1,type 2 diabetes mellitus,19,ready,285,4,Efficacy of Pomegranate Seed Powder on Glucose and Lipid Metabolism in Patients with Type 2 Diabetes: A Prospective Randomized Double-Blind Placebo-Controlled Clinical Trial.,https://pubmed.ncbi.nlm.nih.gov/33302270/,33302270,https://doi.org/10.1159/000510986,10.1159/000510986,No PMC available,NULL,"Journal Article, Randomized Controlled Trial",4,NULL,NULL,NULL,4,pomegranate and type 2 diabetes mellitus,Pomegranate,NULL,powder,"{""1"":{""name"":""insulin resistance"",""benefit_exactly"":null,""benefit_descriptive"":null},""2"":{""name"":""oxidative stress"",""benefit_exactly"":null,""benefit_descriptive"":null}}","[{""type"":""fasting_plasma_glucose"",""name"":""Fasting Blood Glucose (FBG)"",""benefit"":""The mean differences of FBG were significantly decreased in the PSP group when compared with the placebo group (p value <0.05). Post-intervention values of FBG were significantly lower in patients treated with PSP compared to the placebo group (p value = 0.02)."",""short_description"":""Significant reduction in fasting blood glucose levels after 8 weeks of PSP supplementation."",""quantity"":null},{""type"":""hba1c"",""name"":""Glycated Hemoglobin (HbA1c)"",""benefit"":""Post-intervention values of HbA1c were significantly lower in patients treated with PSP compared to the placebo group (p value = 0.01)."",""short_description"":""Significant reduction in HbA1c levels after 8 weeks of PSP supplementation."",""quantity"":null},{""type"":""total_cholesterol"",""name"":""Total Cholesterol"",""benefit"":null,""short_description"":null,""quantity"":null},{""type"":""triglycerides"",""name"":""Triglycerides (TG)"",""benefit"":null,""short_description"":null,""quantity"":null}]",2026-06-04 16:43:10.654+02,2026-06-05 17:49:40.102+02,Punica granatum,5A11,http://id.who.int/icd/entity/119724091,Type 2 diabetes mellitus,Randomized Controlled Trial
2212556,63,pomegranate,1,type 2 diabetes mellitus,19,ready,285,5,"Effects of pomegranate juice consumption on oxidative stress in patients with type 2 diabetes: a single-blind, randomized clinical trial.",https://pubmed.ncbi.nlm.nih.gov/27633135/,27633135,https://doi.org/10.1080/09637486.2016.1229760,10.1080/09637486.2016.1229760,No PMC available,NULL,"Journal Article, Randomized Controlled Trial",4,NULL,NULL,NULL,4,pomegranate and type 2 diabetes mellitus,NULL,Pomegranate,juice,"{""2"":{""name"":""oxidative stress"",""benefit_exactly"":""After six weeks intervention, oxidized LDL and anti-oxidized LDL antibodies decreased and total serum antioxidant capacity and arylesterase activity of paraoxonase increased significantly in the PJ-treated group compared to the control group."",""benefit_descriptive"":""Pomegranate juice reduced oxidative stress markers and increased antioxidant capacity in type 2 diabetic patients.""}}","[{""type"":""alt_gpt"",""name"":""oxidized LDL"",""benefit"":""decreased"",""short_description"":""Reduction in oxidized LDL levels"",""quantity"":null},{""type"":""alt_gpt"",""name"":""anti-oxidized LDL antibodies"",""benefit"":""decreased"",""short_description"":""Reduction in anti-oxidized LDL antibodies"",""quantity"":null},{""type"":""alt_gpt"",""name"":""total serum antioxidant capacity"",""benefit"":""increased significantly"",""short_description"":""Increase in total serum antioxidant capacity"",""quantity"":null},{""type"":""alt_gpt"",""name"":""arylesterase activity of paraoxonase"",""benefit"":""increased significantly"",""short_description"":""Increase in arylesterase activity of paraoxonase"",""quantity"":null}]",2026-06-04 17:06:58.02+02,2026-06-05 17:49:40.102+02,Punica granatum,5A11,http://id.who.int/icd/entity/119724091,Type 2 diabetes mellitus,Randomized Controlled Trial
2212557,0,green tea,1,type 2 diabetes mellitus,32,ready,0,4,The effects of polyphenol-containing antioxidants on oxidative stress and lipid peroxidation in Type 2 diabetes mellitus without complications.,https://pubmed.ncbi.nlm.nih.gov/19834314/,19834314,https://doi.org/10.1007/BF03346565,10.1007/BF03346565,No PMC available,NULL,"Journal Article, Randomized Controlled Trial",4,NULL,NULL,NULL,4,green tea and type 2 diabetes mellitus,NULL,Pomegranate,extract,"{""2"":{""name"":""oxidative stress"",""benefit_exactly"":""The study group showed a decrease in LDL and an increase in HDL and the comparison with the difference in placebo group was statistically significant (p<0.001 for LDL and p<0.001 for HDL). Accordingly, as a by-product of lipid peroxidation, plasma MDA was decreased in the study group compared to the placebo group (p<0.001). As an indicator of increased antioxidant defense, total plasma GSH and AOC increased more in the study group compared to control group (p<0.001)."",""benefit_descriptive"":""The polyphenol-rich antioxidant supplement reduced oxidative stress markers and improved antioxidant defense in Type 2 Diabetes Mellitus patients.""}}","[{""type"":""ldl_cholesterol"",""name"":""LDL"",""benefit"":""The study group showed a decrease in LDL and an increase in HDL and the comparison with the difference in placebo group was statistically significant (p<0.001 for LDL and p<0.001 for HDL)."",""short_description"":""LDL levels decreased significantly in the study group compared to the placebo group."",""quantity"":null},{""type"":""hdl_c_direct"",""name"":""HDL"",""benefit"":""The study group showed a decrease in LDL and an increase in HDL and the comparison with the difference in placebo group was statistically significant (p<0.001 for LDL and p<0.001 for HDL)."",""short_description"":""HDL levels increased significantly in the study group compared to the placebo group."",""quantity"":null},{""type"":""alt_gpt"",""name"":""plasma malondialdehyde (MDA)"",""benefit"":""Accordingly, as a by-product of lipid peroxidation, plasma MDA was decreased in the study group compared to the placebo group (p<0.001)."",""short_description"":""Plasma MDA levels decreased significantly in the study group compared to the placebo group."",""quantity"":null},{""type"":""alt_gpt"",""name"":""total glutathione (GSH)"",""benefit"":""As an indicator of increased antioxidant defense, total plasma GSH and AOC increased more in the study group compared to control group (p<0.001)."",""short_description"":""Total plasma GSH levels increased significantly in the study group compared to the placebo group."",""quantity"":null},{""type"":""alt_gpt"",""name"":""antioxidant capacity (AOC)"",""benefit"":""As an indicator of increased antioxidant defense, total plasma GSH and AOC increased more in the study group compared to control group (p<0.001)."",""short_description"":""Antioxidant capacity increased significantly in the study group compared to the placebo group."",""quantity"":null}]",2026-06-04 18:03:06.088+02,2026-06-05 17:49:40.102+02,Camellia sinensis,5A11,http://id.who.int/icd/entity/119724091,Type 2 diabetes mellitus,Randomized Controlled Trial
2212557,63,pomegranate,1,type 2 diabetes mellitus,19,ready,285,6,The effects of polyphenol-containing antioxidants on oxidative stress and lipid peroxidation in Type 2 diabetes mellitus without complications.,https://pubmed.ncbi.nlm.nih.gov/19834314/,19834314,https://doi.org/10.1007/BF03346565,10.1007/BF03346565,No PMC available,NULL,"Journal Article, Randomized Controlled Trial",4,NULL,NULL,NULL,4,pomegranate and type 2 diabetes mellitus,NULL,Pomegranate,extract,"{""2"":{""name"":""oxidative stress"",""benefit_exactly"":""The study group showed a decrease in LDL and an increase in HDL and the comparison with the difference in placebo group was statistically significant (p<0.001 for LDL and p<0.001 for HDL). Accordingly, as a by-product of lipid peroxidation, plasma MDA was decreased in the study group compared to the placebo group (p<0.001). As an indicator of increased antioxidant defense, total plasma GSH and AOC increased more in the study group compared to control group (p<0.001)."",""benefit_descriptive"":""The polyphenol-rich antioxidant supplement reduced oxidative stress markers and improved antioxidant defense in Type 2 Diabetes Mellitus patients.""}}","[{""type"":""ldl_cholesterol"",""name"":""LDL"",""benefit"":""The study group showed a decrease in LDL and an increase in HDL and the comparison with the difference in placebo group was statistically significant (p<0.001 for LDL and p<0.001 for HDL)."",""short_description"":""LDL levels decreased significantly in the study group compared to the placebo group."",""quantity"":null},{""type"":""hdl_c_direct"",""name"":""HDL"",""benefit"":""The study group showed a decrease in LDL and an increase in HDL and the comparison with the difference in placebo group was statistically significant (p<0.001 for LDL and p<0.001 for HDL)."",""short_description"":""HDL levels increased significantly in the study group compared to the placebo group."",""quantity"":null},{""type"":""alt_gpt"",""name"":""plasma malondialdehyde (MDA)"",""benefit"":""Accordingly, as a by-product of lipid peroxidation, plasma MDA was decreased in the study group compared to the placebo group (p<0.001)."",""short_description"":""Plasma MDA levels decreased significantly in the study group compared to the placebo group."",""quantity"":null},{""type"":""alt_gpt"",""name"":""total glutathione (GSH)"",""benefit"":""As an indicator of increased antioxidant defense, total plasma GSH and AOC increased more in the study group compared to control group (p<0.001)."",""short_description"":""Total plasma GSH levels increased significantly in the study group compared to the placebo group."",""quantity"":null},{""type"":""alt_gpt"",""name"":""antioxidant capacity (AOC)"",""benefit"":""As an indicator of increased antioxidant defense, total plasma GSH and AOC increased more in the study group compared to control group (p<0.001)."",""short_description"":""Antioxidant capacity increased significantly in the study group compared to the placebo group."",""quantity"":null}]",2026-06-04 18:03:06.088+02,2026-06-05 17:49:40.102+02,Punica granatum,5A11,http://id.who.int/icd/entity/119724091,Type 2 diabetes mellitus,Randomized Controlled Trial
2212557,463,ascorbic acid,1,type 2 diabetes mellitus,1,ready,16,1,The effects of polyphenol-containing antioxidants on oxidative stress and lipid peroxidation in Type 2 diabetes mellitus without complications.,https://pubmed.ncbi.nlm.nih.gov/19834314/,19834314,https://doi.org/10.1007/BF03346565,10.1007/BF03346565,No PMC available,NULL,"Journal Article, Randomized Controlled Trial",4,NULL,NULL,NULL,4,ascorbic acid and type 2 diabetes mellitus,NULL,Pomegranate,supplement,"{""2"":{""name"":""oxidative stress"",""benefit_exactly"":""The study group showed a decrease in LDL and an increase in HDL and the comparison with the difference in placebo group was statistically significant (p<0.001 for LDL and p<0.001 for HDL). Accordingly, as a by-product of lipid peroxidation, plasma MDA was decreased in the study group compared to the placebo group (p<0.001). As an indicator of increased antioxidant defense, total plasma GSH and AOC increased more in the study group compared to control group (p<0.001)."",""benefit_descriptive"":""The polyphenol-rich antioxidant supplement reduced oxidative stress markers and improved antioxidant defense in Type 2 Diabetes Mellitus patients.""}}","[{""type"":""ldl_cholesterol"",""name"":""LDL"",""benefit"":""The study group showed a decrease in LDL and an increase in HDL and the comparison with the difference in placebo group was statistically significant (p<0.001 for LDL and p<0.001 for HDL)."",""short_description"":""LDL levels decreased significantly in the study group compared to the placebo group."",""quantity"":null},{""type"":""hdl_c_direct"",""name"":""HDL"",""benefit"":""The study group showed a decrease in LDL and an increase in HDL and the comparison with the difference in placebo group was statistically significant (p<0.001 for LDL and p<0.001 for HDL)."",""short_description"":""HDL levels increased significantly in the study group compared to the placebo group."",""quantity"":null},{""type"":""alt_gpt"",""name"":""plasma malondialdehyde (MDA)"",""benefit"":""Accordingly, as a by-product of lipid peroxidation, plasma MDA was decreased in the study group compared to the placebo group (p<0.001)."",""short_description"":""Plasma MDA levels decreased significantly in the study group compared to the placebo group."",""quantity"":null},{""type"":""alt_gpt"",""name"":""total glutathione (GSH)"",""benefit"":""As an indicator of increased antioxidant defense, total plasma GSH and AOC increased more in the study group compared to control group (p<0.001)."",""short_description"":""Total plasma GSH levels increased significantly in the study group compared to the placebo group."",""quantity"":null},{""type"":""alt_gpt"",""name"":""antioxidant capacity (AOC)"",""benefit"":""As an indicator of increased antioxidant defense, total plasma GSH and AOC increased more in the study group compared to control group (p<0.001)."",""short_description"":""Antioxidant capacity increased significantly in the study group compared to the placebo group."",""quantity"":null}]",2026-06-04 18:03:06.088+02,2026-06-05 17:49:40.102+02,Ascorbic acid,5A11,http://id.who.int/icd/entity/119724091,Type 2 diabetes mellitus,Randomized Controlled Trial
2212558,63,pomegranate,1,type 2 diabetes mellitus,19,ready,285,7,Effects of pomegranate juice consumption on blood pressure and lipid profile in patients with type 2 diabetes: A single-blind randomized clinical trial.,https://pubmed.ncbi.nlm.nih.gov/30661697/,30661697,https://doi.org/10.1016/j.clnesp.2018.11.013,10.1016/j.clnesp.2018.11.013,No PMC available,NULL,"Journal Article, Randomized Controlled Trial",4,NULL,NULL,NULL,4,pomegranate and type 2 diabetes mellitus,Pomegranate,NULL,juice,"{""2"":{""name"":""oxidative stress"",""benefit_exactly"":null,""benefit_descriptive"":null}}","[{""type"":""alt_gpt"",""name"":""Systolic Blood Pressure (SBP)"",""benefit"":""SBP (13.5 ± 1.5 mmHg vs. 12.3 ± 2.5, P < 0.001) significantly decreased in the intervention group."",""short_description"":""Pomegranate juice significantly reduced systolic blood pressure in the intervention group."",""quantity"":""13.5 ± 1.5 mmHg""},{""type"":""alt_gpt"",""name"":""Diastolic Blood Pressure (DBP)"",""benefit"":""DBP (7.7 ± 1.6 vs. 7.2 ± 1.6 mmHg, P < 0.05) significantly decreased in the intervention group."",""short_description"":""Pomegranate juice significantly reduced diastolic blood pressure in the intervention group."",""quantity"":""7.7 ± 1.6 mmHg""},{""type"":""total_cholesterol"",""name"":""Total Cholesterol (TC)"",""benefit"":""TC decreased significantly compared to pre-trial values within the intervention group."",""short_description"":""Pomegranate juice consumption led to a significant reduction in total cholesterol levels within the intervention group."",""quantity"":null},{""type"":""ldl_cholesterol"",""name"":""Low-Density Lipoprotein Cholesterol (LDL-C)"",""benefit"":""LDL-C decreased significantly compared to pre-trial values within the intervention group."",""short_description"":""Pomegranate juice consumption led to a significant reduction in LDL cholesterol levels within the intervention group."",""quantity"":null}]",2026-06-04 16:43:10.654+02,2026-06-05 17:49:40.102+02,Punica granatum,5A11,http://id.who.int/icd/entity/119724091,Type 2 diabetes mellitus,Randomized Controlled Trial
2212559,0,Unknown,1,type 2 diabetes mellitus,32,ready,0,20,The relation of low glycaemic index fruit consumption to glycaemic control and risk factors for coronary heart disease in type 2 diabetes.,https://pubmed.ncbi.nlm.nih.gov/20978741/,20978741,https://doi.org/10.1007/s00125-010-1927-1,10.1007/s00125-010-1927-1,https://www.ncbi.nlm.nih.gov/pmc/articles/PMC3017317/,PMC3017317,"Journal Article, Randomized Controlled Trial",4,0,NULL,NULL,0,Unknown and type 2 diabetes mellitus,NULL,Pomegranate,raw,{},NULL,2026-06-04 16:45:41.023+02,2026-06-05 17:49:40.102+02,,5A11,http://id.who.int/icd/entity/119724091,Type 2 diabetes mellitus,
2212560,63,pomegranate,1,type 2 diabetes mellitus,19,ready,285,8,Pomegranate Juice Increases Sirtuin1 Protein in Peripheral Blood Mononuclear Cell from Patients with Type 2 Diabetes: A Randomized Placebo Controlled Clinical Trial.,https://pubmed.ncbi.nlm.nih.gov/29957104/,29957104,https://doi.org/10.1089/met.2017.0146,10.1089/met.2017.0146,No PMC available,NULL,"Journal Article, Randomized Controlled Trial",4,NULL,NULL,NULL,4,pomegranate and type 2 diabetes mellitus,NULL,Pomegranate,juice,"{""8"":{""name"":""Inflammation"",""benefit_exactly"":""NF-κB p65 in PBMC was significantly lower (P < 0.01 for treatment effect) in the PJ group."",""benefit_descriptive"":""Pomegranate juice reduced NF-κB p65 levels, indicating anti-inflammatory effects.""}}","[{""type"":""alt_gpt"",""name"":""sE-selectin"",""benefit"":""Plasma sE-selectin concentration decreased significantly in the PJ group at the end of week 12 compared to baseline (P < 0.001 for treatment effect), and the reduction was significant in comparison with the placebo group (P < 0.05 for treatment effect)."",""short_description"":""Pomegranate juice significantly reduced sE-selectin levels, a marker of vascular inflammation."",""quantity"":null},{""type"":""alt_gpt"",""name"":""SIRT1"",""benefit"":""SIRT1 was significantly higher (P < 0.0001 for treatment effect) in the PJ group."",""short_description"":""Pomegranate juice increased SIRT1 levels, which is associated with improved metabolic regulation."",""quantity"":null}]",2026-06-04 17:06:58.02+02,2026-06-05 17:49:40.102+02,Punica granatum,5A11,http://id.who.int/icd/entity/119724091,Type 2 diabetes mellitus,Randomized Controlled Trial
2212561,0,healthy plate model,5,cardiovascular disease,32,ready,0,21,"The effectiveness of interventions to reduce cardio-metabolic risk factors among regular street food consumers in Dar es Salaam, Tanzania: The pre-post findings from a cluster randomized trial (Registered by Pan African clinical trial registry with trial # PACTR202208642850935).",https://pubmed.ncbi.nlm.nih.gov/37967111/,37967111,https://doi.org/10.1371/journal.pone.0289289,10.1371/journal.pone.0289289,https://www.ncbi.nlm.nih.gov/pmc/articles/PMC10650998/,PMC10650998,"Randomized Controlled Trial, Journal Article",4,0,NULL,NULL,4,healthy plate model and cardiovascular disease,NULL,Pomegranate Aril,balanced meal composition,"{""22"":{""name"":""unhealthy eating practices"",""benefit_exactly"":""Meals designed after the HPM have a protective effect from NCDs including type2 diabetes and cardiovascular diseases"",""benefit_descriptive"":""The Healthy Plate Model helps reduce the risk of cardiovascular diseases by promoting balanced meals with appropriate portions of vegetables, fruits, and proteins.""},""23"":{""name"":""excess calorie intake"",""benefit_exactly"":""Servings of street food are also associated with larger amounts of carbohydrate and protein, thus exposing the consumers to excess calorie intake and increasing cardio-metabolic risks"",""benefit_descriptive"":""The Healthy Plate Model helps regulate calorie intake by balancing macronutrients, reducing the risk of excess calorie consumption.""}}","[{""type"":""triglycerides"",""name"":""raised triglycerides"",""benefit"":""raised triglycerides (13%)"",""short_description"":""The intervention aimed to reduce raised triglyceride levels among participants."",""quantity"":null},{""type"":""hdl_c_direct"",""name"":""low high-density lipoprotein (HDL)"",""benefit"":""low high-density lipoprotein (HDL)"",""short_description"":""The intervention aimed to improve HDL levels among participants."",""quantity"":null}]",2026-06-04 20:46:26.092+02,2026-06-05 17:49:40.102+02,,,http://id.who.int/icd/entity/2079332103,Circulatory system,Clinical Trial
2212561,775,fruits,1,type 2 diabetes mellitus,1,ready,16,1,"The effectiveness of interventions to reduce cardio-metabolic risk factors among regular street food consumers in Dar es Salaam, Tanzania: The pre-post findings from a cluster randomized trial (Registered by Pan African clinical trial registry with trial # PACTR202208642850935).",https://pubmed.ncbi.nlm.nih.gov/37967111/,37967111,https://doi.org/10.1371/journal.pone.0289289,10.1371/journal.pone.0289289,https://www.ncbi.nlm.nih.gov/pmc/articles/PMC10650998/,PMC10650998,"Randomized Controlled Trial, Journal Article",4,0,NULL,NULL,4,fruits and type 2 diabetes mellitus,NULL,Pomegranate Aril,subsidized and incorporated into meals,"{""20"":{""name"":""unhealthy eating practices"",""benefit_exactly"":""Meals designed after the HPM have a protective effect from NCDs including type2 diabetes and cardiovascular diseases"",""benefit_descriptive"":""Incorporating fruits into meals helps reduce the risk of type 2 diabetes by promoting healthier eating practices.""}}","[{""type"":""glucose"",""name"":""raised blood glucose"",""benefit"":""raised blood glucose (6.6%)"",""short_description"":""Incorporating fruits into meals aimed to reduce raised blood glucose levels among participants."",""quantity"":null}]",2026-06-04 20:46:26.092+02,2026-06-05 17:49:40.102+02,,5A11,http://id.who.int/icd/entity/119724091,Type 2 diabetes mellitus,Clinical Trial
2212561,0,healthy plate model,1,type 2 diabetes mellitus,32,ready,0,21,"The effectiveness of interventions to reduce cardio-metabolic risk factors among regular street food consumers in Dar es Salaam, Tanzania: The pre-post findings from a cluster randomized trial (Registered by Pan African clinical trial registry with trial # PACTR202208642850935).",https://pubmed.ncbi.nlm.nih.gov/37967111/,37967111,https://doi.org/10.1371/journal.pone.0289289,10.1371/journal.pone.0289289,https://www.ncbi.nlm.nih.gov/pmc/articles/PMC10650998/,PMC10650998,"Randomized Controlled Trial, Journal Article",4,0,NULL,NULL,4,healthy plate model and type 2 diabetes mellitus,NULL,Pomegranate Aril,balanced meal composition,"{""20"":{""name"":""unhealthy eating practices"",""benefit_exactly"":""Meals designed after the HPM have a protective effect from NCDs including type2 diabetes and cardiovascular diseases"",""benefit_descriptive"":""The Healthy Plate Model helps reduce the risk of type 2 diabetes by promoting balanced meals with appropriate portions of vegetables, fruits, and proteins.""},""21"":{""name"":""excess calorie intake"",""benefit_exactly"":""Servings of street food are also associated with larger amounts of carbohydrate and protein, thus exposing the consumers to excess calorie intake and increasing cardio-metabolic risks"",""benefit_descriptive"":""The Healthy Plate Model helps regulate calorie intake by balancing macronutrients, reducing the risk of excess calorie consumption.""}}","[{""type"":""glucose"",""name"":""raised blood glucose"",""benefit"":""raised blood glucose (6.6%)"",""short_description"":""The intervention aimed to reduce raised blood glucose levels among participants."",""quantity"":null},{""type"":""triglycerides"",""name"":""raised triglycerides"",""benefit"":""raised triglycerides (13%)"",""short_description"":""The intervention aimed to reduce raised triglyceride levels among participants."",""quantity"":null},{""type"":""hdl_c_direct"",""name"":""low high-density lipoprotein (HDL)"",""benefit"":""low high-density lipoprotein (HDL)"",""short_description"":""The intervention aimed to improve HDL levels among participants."",""quantity"":null},{""type"":""fasting_plasma_glucose"",""name"":""fasting plasma glucose"",""benefit"":""raised blood glucose (6.6%)"",""short_description"":""The intervention aimed to reduce fasting plasma glucose levels among participants."",""quantity"":null}]",2026-06-04 20:46:26.092+02,2026-06-05 17:49:40.102+02,,5A11,http://id.who.int/icd/entity/119724091,Type 2 diabetes mellitus,Clinical Trial
2212561,799,vegetables,1,type 2 diabetes mellitus,1,ready,16,1,"The effectiveness of interventions to reduce cardio-metabolic risk factors among regular street food consumers in Dar es Salaam, Tanzania: The pre-post findings from a cluster randomized trial (Registered by Pan African clinical trial registry with trial # PACTR202208642850935).",https://pubmed.ncbi.nlm.nih.gov/37967111/,37967111,https://doi.org/10.1371/journal.pone.0289289,10.1371/journal.pone.0289289,https://www.ncbi.nlm.nih.gov/pmc/articles/PMC10650998/,PMC10650998,"Randomized Controlled Trial, Journal Article",4,0,NULL,NULL,4,vegetables and type 2 diabetes mellitus,NULL,Pomegranate Aril,subsidized and incorporated into meals,"{""20"":{""name"":""unhealthy eating practices"",""benefit_exactly"":""Meals designed after the HPM have a protective effect from NCDs including type2 diabetes and cardiovascular diseases"",""benefit_descriptive"":""Incorporating vegetables into meals helps reduce the risk of type 2 diabetes by promoting healthier eating practices.""}}","[{""type"":""glucose"",""name"":""raised blood glucose"",""benefit"":""raised blood glucose (6.6%)"",""short_description"":""Incorporating vegetables into meals aimed to reduce raised blood glucose levels among participants."",""quantity"":null}]",2026-06-04 20:46:26.092+02,2026-06-05 17:49:40.102+02,,5A11,http://id.who.int/icd/entity/119724091,Type 2 diabetes mellitus,Clinical Trial
2212561,775,fruits,5,cardiovascular disease,2,ready,16,1,"The effectiveness of interventions to reduce cardio-metabolic risk factors among regular street food consumers in Dar es Salaam, Tanzania: The pre-post findings from a cluster randomized trial (Registered by Pan African clinical trial registry with trial # PACTR202208642850935).",https://pubmed.ncbi.nlm.nih.gov/37967111/,37967111,https://doi.org/10.1371/journal.pone.0289289,10.1371/journal.pone.0289289,https://www.ncbi.nlm.nih.gov/pmc/articles/PMC10650998/,PMC10650998,"Randomized Controlled Trial, Journal Article",4,0,NULL,NULL,4,fruits and cardiovascular disease,NULL,Pomegranate Aril,subsidized and incorporated into meals,"{""22"":{""name"":""unhealthy eating practices"",""benefit_exactly"":""Meals designed after the HPM have a protective effect from NCDs including type2 diabetes and cardiovascular diseases"",""benefit_descriptive"":""Incorporating fruits into meals helps reduce the risk of cardiovascular diseases by promoting healthier eating practices.""}}","[{""type"":""triglycerides"",""name"":""raised triglycerides"",""benefit"":""raised triglycerides (13%)"",""short_description"":""Incorporating fruits into meals aimed to reduce raised triglyceride levels among participants."",""quantity"":null}]",2026-06-04 20:46:26.092+02,2026-06-05 17:49:40.102+02,,,http://id.who.int/icd/entity/2079332103,Circulatory system,Clinical Trial
2212561,799,vegetables,5,cardiovascular disease,1,ready,16,1,"The effectiveness of interventions to reduce cardio-metabolic risk factors among regular street food consumers in Dar es Salaam, Tanzania: The pre-post findings from a cluster randomized trial (Registered by Pan African clinical trial registry with trial # PACTR202208642850935).",https://pubmed.ncbi.nlm.nih.gov/37967111/,37967111,https://doi.org/10.1371/journal.pone.0289289,10.1371/journal.pone.0289289,https://www.ncbi.nlm.nih.gov/pmc/articles/PMC10650998/,PMC10650998,"Randomized Controlled Trial, Journal Article",4,0,NULL,NULL,4,vegetables and cardiovascular disease,NULL,Pomegranate Aril,subsidized and incorporated into meals,"{""22"":{""name"":""unhealthy eating practices"",""benefit_exactly"":""Meals designed after the HPM have a protective effect from NCDs including type2 diabetes and cardiovascular diseases"",""benefit_descriptive"":""Incorporating vegetables into meals helps reduce the risk of cardiovascular diseases by promoting healthier eating practices.""}}","[{""type"":""triglycerides"",""name"":""raised triglycerides"",""benefit"":""raised triglycerides (13%)"",""short_description"":""Incorporating vegetables into meals aimed to reduce raised triglyceride levels among participants."",""quantity"":null}]",2026-06-04 20:46:26.092+02,2026-06-05 17:49:40.102+02,,,http://id.who.int/icd/entity/2079332103,Circulatory system,Clinical Trial
2212562,0,omega-3 polyunsaturated fatty acids,1,type 2 diabetes mellitus,32,ready,0,22,"Treatment with high-dose n-3 PUFAs has no effect on platelet function, coagulation, metabolic status or inflammation in patients with atherosclerosis and type 2 diabetes.",https://pubmed.ncbi.nlm.nih.gov/28410617/,28410617,https://doi.org/10.1186/s12933-017-0523-9,10.1186/s12933-017-0523-9,https://www.ncbi.nlm.nih.gov/pmc/articles/PMC5391604/,PMC5391604,"Journal Article, Multicenter Study, Randomized Controlled Trial",4,0,NULL,NULL,0,omega-3 polyunsaturated fatty acids and type 2 diabetes mellitus,NULL,Pomegranate,supplementation,"{""1"":{""name"":""insulin resistance"",""benefit_exactly"":null,""benefit_descriptive"":null},""14"":{""name"":""systemic low-grade inflammation"",""benefit_exactly"":null,""benefit_descriptive"":null},""15"":{""name"":""metabolic syndrome"",""benefit_exactly"":null,""benefit_descriptive"":null}}","[{""type"":""hba1c"",""name"":""HbA1c"",""benefit"":null,""short_description"":null,""quantity"":null},{""type"":""insulin"",""name"":""insulin level"",""benefit"":null,""short_description"":null,""quantity"":null},{""type"":""lipid_panel"",""name"":""lipid profiles"",""benefit"":null,""short_description"":null,""quantity"":null},{""type"":""adipokines"",""name"":""leptin and adiponectin levels"",""benefit"":null,""short_description"":null,""quantity"":null}]",2026-06-04 17:29:20.317+02,2026-06-05 17:49:40.102+02,,5A11,http://id.who.int/icd/entity/119724091,Type 2 diabetes mellitus,Randomized Controlled Trial
2212562,0,omega-3 polyunsaturated fatty acids,2,atherosclerosis,32,ready,0,22,"Treatment with high-dose n-3 PUFAs has no effect on platelet function, coagulation, metabolic status or inflammation in patients with atherosclerosis and type 2 diabetes.",https://pubmed.ncbi.nlm.nih.gov/28410617/,28410617,https://doi.org/10.1186/s12933-017-0523-9,10.1186/s12933-017-0523-9,https://www.ncbi.nlm.nih.gov/pmc/articles/PMC5391604/,PMC5391604,"Journal Article, Multicenter Study, Randomized Controlled Trial",4,0,NULL,NULL,0,omega-3 polyunsaturated fatty acids and atherosclerosis,NULL,Pomegranate,supplementation,"{""16"":{""name"":""enhanced platelet reactivity"",""benefit_exactly"":null,""benefit_descriptive"":null},""17"":{""name"":""enhanced secondary hemostasis"",""benefit_exactly"":null,""benefit_descriptive"":null}}","[{""type"":""c_reactive_protein"",""name"":""high-sensitivity C-reactive protein"",""benefit"":null,""short_description"":null,""quantity"":null},{""type"":""triglycerides"",""name"":""triglyceride levels"",""benefit"":null,""short_description"":null,""quantity"":null}]",2026-06-04 17:29:20.317+02,2026-06-05 17:49:40.102+02,,8B11.0,http://id.who.int/icd/entity/1070137396,Cerebral ischaemic stroke due to extracranial large artery atherosclerosis,Randomized Controlled Trial
2212563,63,pomegranate,1,type 2 diabetes mellitus,19,ready,285,9,Effect of pomegranate seed oil supplementation on the GLUT-4 gene expression and glycemic control in obese people with type 2 diabetes: A randomized controlled clinical trial.,https://pubmed.ncbi.nlm.nih.gov/30945297/,30945297,https://doi.org/10.1002/jcp.28561,10.1002/jcp.28561,No PMC available,NULL,"Journal Article, Randomized Controlled Trial",4,NULL,NULL,NULL,4,pomegranate and type 2 diabetes mellitus,Pomegranate,NULL,oil,"{""1"":{""name"":""insulin resistance"",""benefit_exactly"":""Within-group changes in fasting blood sugar (FBS) and quantitative insulin sensitivity check index were significant in the PSO group."",""benefit_descriptive"":""Pomegranate seed oil improved insulin sensitivity and reduced fasting blood sugar levels.""},""4"":{""name"":""abnormality in glucose transporter type 4 (GLUT-4) function"",""benefit_exactly"":""GLUT-4 gene expression was increased significantly in the PSO group."",""benefit_descriptive"":""Pomegranate seed oil supplementation increased GLUT-4 gene expression in diabetic patients.""}}","[{""type"":""fasting_plasma_glucose"",""name"":""fasting blood sugar (FBS)"",""benefit"":""Within-group changes in fasting blood sugar (FBS) were significant in the PSO group. After adjusting the age, gender, and baseline values, FBS was significantly decreased."",""short_description"":""FBS levels significantly decreased after pomegranate seed oil supplementation."",""quantity"":null},{""type"":""insulin"",""name"":""quantitative insulin sensitivity check index"",""benefit"":""Within-group changes in quantitative insulin sensitivity check index were significant in the PSO group."",""short_description"":""Insulin sensitivity improved in the PSO group."",""quantity"":null}]",2026-06-04 16:43:10.654+02,2026-06-05 17:49:40.102+02,Punica granatum,5A11,http://id.who.int/icd/entity/119724091,Type 2 diabetes mellitus,Randomized Controlled Trial
2212564,0,sulfonylurea,1,type 2 diabetes mellitus,32,ready,0,23,Ethnic variations in the risk of hypoglycaemia among people with Type 2 diabetes prescribed insulins and/or sulfonylureas: a historical cohort study using general practice-recorded data.,https://pubmed.ncbi.nlm.nih.gov/30264528/,30264528,https://doi.org/10.1111/dme.13828,10.1111/dme.13828,No PMC available,NULL,"Journal Article, Multicenter Study",3,0,NULL,NULL,0,sulfonylurea and type 2 diabetes mellitus,NULL,Pomegranate,prescribed,"{""7"":{""name"":""hypoglycemia"",""benefit_exactly"":null,""benefit_descriptive"":null}}","[{""type"":""glucose"",""name"":""hypoglycemia"",""benefit"":null,""short_description"":null,""quantity"":null}]",2026-06-04 21:03:27.151+02,2026-06-04 21:03:30.941+02,,5A11,http://id.who.int/icd/entity/119724091,Type 2 diabetes mellitus,Observational Study
2212565,0,plant-based diet,1,type 2 diabetes mellitus,32,ready,0,12,Polyphenols Rich Diets and Risk of Type 2 Diabetes.,https://pubmed.ncbi.nlm.nih.gov/33923263/,33923263,https://doi.org/10.3390/nu13051445,10.3390/nu13051445,https://www.ncbi.nlm.nih.gov/pmc/articles/PMC8146556/,PMC8146556,"Journal Article, Review",2,NULL,NULL,NULL,2,plant-based diet and type 2 diabetes mellitus,NULL,Pomegranate,dietary pattern,"{""1"":{""name"":""insulin resistance"",""benefit_exactly"":""high adherence to a plant-based versus animal-based diet was associated with a lower risk of insulin resistance"",""benefit_descriptive"":""Reduces insulin resistance""}}","[{""type"":""glucose"",""name"":""glucose tolerance"",""benefit"":""improve carbohydrate metabolism and glucose tolerance"",""short_description"":""Improves glucose tolerance"",""quantity"":null}]",2026-06-04 18:33:15.977+02,2026-06-04 21:03:30.941+02,,5A11,http://id.who.int/icd/entity/119724091,Type 2 diabetes mellitus,Review
2212565,24,apples,1,type 2 diabetes mellitus,3,ready,12,1,Polyphenols Rich Diets and Risk of Type 2 Diabetes.,https://pubmed.ncbi.nlm.nih.gov/33923263/,33923263,https://doi.org/10.3390/nu13051445,10.3390/nu13051445,https://www.ncbi.nlm.nih.gov/pmc/articles/PMC8146556/,PMC8146556,"Journal Article, Review",2,NULL,NULL,NULL,2,apples and type 2 diabetes mellitus,NULL,Pomegranate,dietary intake,"{""1"":{""name"":""insulin resistance"",""benefit_exactly"":""apples are rich in bioactive polyphenols and were found to decrease postprandial blood glucose"",""benefit_descriptive"":""Reduces postprandial blood glucose""}}","[{""type"":""glucose"",""name"":""postprandial blood glucose"",""benefit"":""apples are rich in bioactive polyphenols and were found to decrease postprandial blood glucose"",""short_description"":""Reduces postprandial blood glucose"",""quantity"":null}]",2026-06-04 18:33:15.977+02,2026-06-04 21:03:30.941+02,Malus domestica,5A11,http://id.who.int/icd/entity/119724091,Type 2 diabetes mellitus,Review
2212565,63,pomegranate,1,type 2 diabetes mellitus,19,ready,285,12,Polyphenols Rich Diets and Risk of Type 2 Diabetes.,https://pubmed.ncbi.nlm.nih.gov/33923263/,33923263,https://doi.org/10.3390/nu13051445,10.3390/nu13051445,https://www.ncbi.nlm.nih.gov/pmc/articles/PMC8146556/,PMC8146556,"Journal Article, Review",2,NULL,NULL,NULL,2,pomegranate and type 2 diabetes mellitus,NULL,Pomegranate,dietary intake,"{""1"":{""name"":""insulin resistance"",""benefit_exactly"":""beverages containing pomegranate polyphenols (mainly tannins) were found to reduce the postprandial glycemic response to a bread meal"",""benefit_descriptive"":""Reduces postprandial glycemic response""}}","[{""type"":""glucose"",""name"":""postprandial glycemic response"",""benefit"":""beverages containing pomegranate polyphenols (mainly tannins) were found to reduce the postprandial glycemic response to a bread meal"",""short_description"":""Reduces postprandial glycemic response"",""quantity"":null}]",2026-06-04 18:33:15.977+02,2026-06-04 21:03:30.941+02,Punica granatum,5A11,http://id.who.int/icd/entity/119724091,Type 2 diabetes mellitus,Review
2212565,237,onion,1,type 2 diabetes mellitus,1,ready,4,1,Polyphenols Rich Diets and Risk of Type 2 Diabetes.,https://pubmed.ncbi.nlm.nih.gov/33923263/,33923263,https://doi.org/10.3390/nu13051445,10.3390/nu13051445,https://www.ncbi.nlm.nih.gov/pmc/articles/PMC8146556/,PMC8146556,"Journal Article, Review",2,NULL,NULL,NULL,2,onion and type 2 diabetes mellitus,NULL,Pomegranate,dietary intake,"{""1"":{""name"":""insulin resistance"",""benefit_exactly"":""onion bulbs and its active components may be considered as prophylactic or therapeutic agents against diabetes through a variety of mechanisms including an antioxidant, α-glucosidase, and α-amylase inhibitory effect, up-regulation of adiponectin receptors, reduction of insulin resistance and glucose intestinal absorption"",""benefit_descriptive"":""Reduces insulin resistance and glucose absorption""}}","[{""type"":""glucose"",""name"":""glucose intestinal absorption"",""benefit"":""onion bulbs and its active components may be considered as prophylactic or therapeutic agents against diabetes through a variety of mechanisms including an antioxidant, α-glucosidase, and α-amylase inhibitory effect, up-regulation of adiponectin receptors, reduction of insulin resistance and glucose intestinal absorption"",""short_description"":""Reduces glucose intestinal absorption"",""quantity"":null}]",2026-06-04 18:33:15.977+02,2026-06-04 21:03:30.941+02,Allium cepa,5A11,http://id.who.int/icd/entity/119724091,Type 2 diabetes mellitus,Review
2212565,260,broccoli,1,type 2 diabetes mellitus,1,ready,4,1,Polyphenols Rich Diets and Risk of Type 2 Diabetes.,https://pubmed.ncbi.nlm.nih.gov/33923263/,33923263,https://doi.org/10.3390/nu13051445,10.3390/nu13051445,https://www.ncbi.nlm.nih.gov/pmc/articles/PMC8146556/,PMC8146556,"Journal Article, Review",2,NULL,NULL,NULL,2,broccoli and type 2 diabetes mellitus,NULL,Pomegranate,dietary intake,"{""1"":{""name"":""insulin resistance"",""benefit_exactly"":""the consumption of 10 g/day of broccoli sprouts for 4 weeks resulted in a significant decrease in fasting serum insulin concentration and HOMA-index"",""benefit_descriptive"":""Reduces fasting serum insulin concentration""}}","[{""type"":""insulin"",""name"":""fasting serum insulin concentration"",""benefit"":""the consumption of 10 g/day of broccoli sprouts for 4 weeks resulted in a significant decrease in fasting serum insulin concentration and HOMA-index"",""short_description"":""Reduces fasting serum insulin concentration"",""quantity"":""10 g/day""},{""type"":""hba1c"",""name"":""HOMA-index"",""benefit"":""the consumption of 10 g/day of broccoli sprouts for 4 weeks resulted in a significant decrease in fasting serum insulin concentration and HOMA-index"",""short_description"":""Reduces HOMA-index"",""quantity"":""10 g/day""}]",2026-06-04 18:33:15.977+02,2026-06-04 21:03:30.941+02,Brassica oleracea var. italica,5A11,http://id.who.int/icd/entity/119724091,Type 2 diabetes mellitus,Review
2212565,468,flavonoids,1,type 2 diabetes mellitus,1,ready,4,1,Polyphenols Rich Diets and Risk of Type 2 Diabetes.,https://pubmed.ncbi.nlm.nih.gov/33923263/,33923263,https://doi.org/10.3390/nu13051445,10.3390/nu13051445,https://www.ncbi.nlm.nih.gov/pmc/articles/PMC8146556/,PMC8146556,"Journal Article, Review",2,NULL,NULL,NULL,2,flavonoids and type 2 diabetes mellitus,NULL,Pomegranate,dietary intake,"{""1"":{""name"":""insulin resistance"",""benefit_exactly"":""an increase in the total dietary flavonoids intake by approximately 500 mg/day is associated with a significant decrease of the risk to develop type 2 diabetes"",""benefit_descriptive"":""Reduces risk of type 2 diabetes""}}","[{""type"":""glucose"",""name"":""glucose metabolism"",""benefit"":""diets rich in polyphenols, particularly flavonoids, play a role in the prevention of type 2 diabetes"",""short_description"":""Improves glucose metabolism"",""quantity"":""500 mg/day""}]",2026-06-04 18:33:15.977+02,2026-06-04 21:03:30.941+02,,5A11,http://id.who.int/icd/entity/119724091,Type 2 diabetes mellitus,Review
2212565,457,anthocyanins,1,type 2 diabetes mellitus,3,ready,12,1,Polyphenols Rich Diets and Risk of Type 2 Diabetes.,https://pubmed.ncbi.nlm.nih.gov/33923263/,33923263,https://doi.org/10.3390/nu13051445,10.3390/nu13051445,https://www.ncbi.nlm.nih.gov/pmc/articles/PMC8146556/,PMC8146556,"Journal Article, Review",2,NULL,NULL,NULL,2,anthocyanins and type 2 diabetes mellitus,NULL,Pomegranate,dietary intake,"{""1"":{""name"":""insulin resistance"",""benefit_exactly"":""anthocyanins-rich diets with substantial consumption of specific whole fruits, including blueberries, grapes, and apples, was significantly associated with a reduced risk of diabetes"",""benefit_descriptive"":""Reduces risk of type 2 diabetes""}}","[{""type"":""hba1c"",""name"":""glycated hemoglobin"",""benefit"":""purified anthocyanins moderately reduced glycated hemoglobin"",""short_description"":""Lowers glycated hemoglobin levels"",""quantity"":null},{""type"":""glucose"",""name"":""post-prandial glucose"",""benefit"":""consumption of anthocyanins for more than 8 weeks in doses of more than 300 mg/day significantly decreases fasting and post-prandial glucose"",""short_description"":""Reduces postprandial glucose levels"",""quantity"":""300 mg/day""}]",2026-06-04 18:33:15.977+02,2026-06-04 21:03:30.941+02,,5A11,http://id.who.int/icd/entity/119724091,Type 2 diabetes mellitus,Review
2212565,852,whole grains,1,type 2 diabetes mellitus,1,ready,4,1,Polyphenols Rich Diets and Risk of Type 2 Diabetes.,https://pubmed.ncbi.nlm.nih.gov/33923263/,33923263,https://doi.org/10.3390/nu13051445,10.3390/nu13051445,https://www.ncbi.nlm.nih.gov/pmc/articles/PMC8146556/,PMC8146556,"Journal Article, Review",2,NULL,NULL,NULL,2,whole grains and type 2 diabetes mellitus,NULL,Pomegranate,dietary intake,"{""1"":{""name"":""insulin resistance"",""benefit_exactly"":""inverse associations between whole-grain intake, fasting insulin, and insulin sensitivity have been reported"",""benefit_descriptive"":""Improves insulin sensitivity""}}","[{""type"":""glucose"",""name"":""postprandial hyperglycemia"",""benefit"":""ferulic acid contained in whole grains decreases cellular glucose uptake into epithelial cells in the small intestine and therefore might account for the attenuation of postprandial hyperglycemia by inhibition of glucose absorption"",""short_description"":""Reduces postprandial hyperglycemia"",""quantity"":null}]",2026-06-04 18:33:15.977+02,2026-06-04 21:03:30.941+02,,5A11,http://id.who.int/icd/entity/119724091,Type 2 diabetes mellitus,Review
2212566,0,punicic acid,1,type 2 diabetes mellitus,32,ready,0,13,Punicic acid: A potential compound of pomegranate seed oil in Type 2 diabetes mellitus management.,https://pubmed.ncbi.nlm.nih.gov/30317607/,30317607,https://doi.org/10.1002/jcp.27556,10.1002/jcp.27556,No PMC available,NULL,"Journal Article, Review",2,NULL,NULL,NULL,2,punicic acid and type 2 diabetes mellitus,Pomegranate,NULL,main ingredient of pomegranate seed oil,"{""2"":{""name"":""oxidative stress"",""benefit_exactly"":""PA exerts antidiabetic effects via various mechanisms, such as reducing inflammatory cytokines, modulating glucose homeostasis, and antioxidant properties."",""benefit_descriptive"":""Punicic acid has antioxidant properties that help reduce oxidative stress.""},""6"":{""name"":""glucose homeostasis"",""benefit_exactly"":""PA exerts antidiabetic effects via various mechanisms, such as reducing inflammatory cytokines, modulating glucose homeostasis, and antioxidant properties."",""benefit_descriptive"":""Punicic acid helps modulate glucose homeostasis.""},""8"":{""name"":""inflammation"",""benefit_exactly"":""PA exerts antidiabetic effects via various mechanisms, such as reducing inflammatory cytokines, modulating glucose homeostasis, and antioxidant properties."",""benefit_descriptive"":""Punicic acid reduces inflammatory cytokines, which helps manage inflammation.""}}","[{""type"":""glucose"",""name"":""glucose"",""benefit"":null,""short_description"":null,""quantity"":null},{""type"":""hba1c"",""name"":""HbA1c"",""benefit"":null,""short_description"":null,""quantity"":null}]",2026-06-04 16:43:10.654+02,2026-06-04 21:03:30.941+02,Punicic acid,5A11,http://id.who.int/icd/entity/119724091,Type 2 diabetes mellitus,Review
2212567,0,ellagic acid,4,obesity,32,ready,0,14,Improvements in Metabolic Health with Consumption of Ellagic Acid and Subsequent Conversion into Urolithins: Evidence and Mechanisms.,https://pubmed.ncbi.nlm.nih.gov/27633111/,27633111,https://doi.org/10.3945/an.116.012575,10.3945/an.116.012575,https://www.ncbi.nlm.nih.gov/pmc/articles/PMC5015040/,PMC5015040,"Journal Article, Review",2,NULL,NULL,NULL,2,ellagic acid and obesity,NULL,Pomegranate,natural polyphenol,"{""41"":{""name"":""lipid metabolism dysregulation"",""benefit_exactly"":""EA has been investigated extensively because of its antiproliferative action in some cancers, along with its anti-inflammatory effects."",""benefit_descriptive"":""Ellagic acid may help regulate lipid metabolism and reduce inflammation associated with obesity.""}}","[{""type"":""triglycerides"",""name"":""Triglycerides"",""benefit"":""EA is effective in attenuating obesity and ameliorating obesity-mediated metabolic complications, such as insulin resistance, type 2 diabetes, nonalcoholic fatty liver disease, and atherosclerosis."",""short_description"":""Ellagic acid may reduce triglyceride levels, improving metabolic health."",""quantity"":null},{""type"":""total_cholesterol"",""name"":""Total Cholesterol"",""benefit"":""EA is effective in attenuating obesity and ameliorating obesity-mediated metabolic complications, such as insulin resistance, type 2 diabetes, nonalcoholic fatty liver disease, and atherosclerosis."",""short_description"":""Ellagic acid may help lower total cholesterol levels."",""quantity"":null}]",2026-06-04 16:37:38.908+02,2026-06-04 21:03:30.941+02,,5B80.0,http://id.who.int/icd/entity/1664144906,Overweight,Review
2212567,0,ellagic acid,1,type 2 diabetes mellitus,32,ready,0,14,Improvements in Metabolic Health with Consumption of Ellagic Acid and Subsequent Conversion into Urolithins: Evidence and Mechanisms.,https://pubmed.ncbi.nlm.nih.gov/27633111/,27633111,https://doi.org/10.3945/an.116.012575,10.3945/an.116.012575,https://www.ncbi.nlm.nih.gov/pmc/articles/PMC5015040/,PMC5015040,"Journal Article, Review",2,NULL,NULL,NULL,2,ellagic acid and type 2 diabetes mellitus,NULL,Pomegranate,natural polyphenol,"{""1"":{""name"":""insulin resistance"",""benefit_exactly"":""EA is effective in attenuating obesity and ameliorating obesity-mediated metabolic complications, such as insulin resistance, type 2 diabetes, nonalcoholic fatty liver disease, and atherosclerosis."",""benefit_descriptive"":""Ellagic acid may improve insulin sensitivity and reduce insulin resistance.""}}","[{""type"":""glucose"",""name"":""Glucose"",""benefit"":""EA is effective in attenuating obesity and ameliorating obesity-mediated metabolic complications, such as insulin resistance, type 2 diabetes, nonalcoholic fatty liver disease, and atherosclerosis."",""short_description"":""Ellagic acid may help regulate blood glucose levels."",""quantity"":null},{""type"":""hba1c"",""name"":""HbA1c"",""benefit"":""EA is effective in attenuating obesity and ameliorating obesity-mediated metabolic complications, such as insulin resistance, type 2 diabetes, nonalcoholic fatty liver disease, and atherosclerosis."",""short_description"":""Ellagic acid may reduce HbA1c levels, indicating better long-term glucose control."",""quantity"":null}]",2026-06-04 16:37:38.908+02,2026-06-04 21:03:30.941+02,,5A11,http://id.who.int/icd/entity/119724091,Type 2 diabetes mellitus,Review
2212567,22,grapes,1,type 2 diabetes mellitus,4,ready,16,1,Improvements in Metabolic Health with Consumption of Ellagic Acid and Subsequent Conversion into Urolithins: Evidence and Mechanisms.,https://pubmed.ncbi.nlm.nih.gov/27633111/,27633111,https://doi.org/10.3945/an.116.012575,10.3945/an.116.012575,https://www.ncbi.nlm.nih.gov/pmc/articles/PMC5015040/,PMC5015040,"Journal Article, Review",2,NULL,NULL,NULL,2,grapes and type 2 diabetes mellitus,NULL,Pomegranate,natural source,"{""1"":{""name"":""insulin resistance"",""benefit_exactly"":""EA is effective in attenuating obesity and ameliorating obesity-mediated metabolic complications, such as insulin resistance, type 2 diabetes, nonalcoholic fatty liver disease, and atherosclerosis."",""benefit_descriptive"":""Grapes may improve insulin sensitivity and reduce insulin resistance.""}}","[{""type"":""glucose"",""name"":""Glucose"",""benefit"":""EA is effective in attenuating obesity and ameliorating obesity-mediated metabolic complications, such as insulin resistance, type 2 diabetes, nonalcoholic fatty liver disease, and atherosclerosis."",""short_description"":""Grapes may help regulate blood glucose levels."",""quantity"":null},{""type"":""hba1c"",""name"":""HbA1c"",""benefit"":""EA is effective in attenuating obesity and ameliorating obesity-mediated metabolic complications, such as insulin resistance, type 2 diabetes, nonalcoholic fatty liver disease, and atherosclerosis."",""short_description"":""Grapes may reduce HbA1c levels, indicating better long-term glucose control."",""quantity"":null}]",2026-06-04 16:37:38.908+02,2026-06-04 21:03:30.941+02,,5A11,http://id.who.int/icd/entity/119724091,Type 2 diabetes mellitus,Review
2212567,63,pomegranates,1,type 2 diabetes mellitus,19,ready,285,13,Improvements in Metabolic Health with Consumption of Ellagic Acid and Subsequent Conversion into Urolithins: Evidence and Mechanisms.,https://pubmed.ncbi.nlm.nih.gov/27633111/,27633111,https://doi.org/10.3945/an.116.012575,10.3945/an.116.012575,https://www.ncbi.nlm.nih.gov/pmc/articles/PMC5015040/,PMC5015040,"Journal Article, Review",2,NULL,NULL,NULL,2,pomegranates and type 2 diabetes mellitus,NULL,Pomegranate,natural source,"{""1"":{""name"":""insulin resistance"",""benefit_exactly"":""EA is effective in attenuating obesity and ameliorating obesity-mediated metabolic complications, such as insulin resistance, type 2 diabetes, nonalcoholic fatty liver disease, and atherosclerosis."",""benefit_descriptive"":""Pomegranates may improve insulin sensitivity and reduce insulin resistance.""}}","[{""type"":""glucose"",""name"":""Glucose"",""benefit"":""EA is effective in attenuating obesity and ameliorating obesity-mediated metabolic complications, such as insulin resistance, type 2 diabetes, nonalcoholic fatty liver disease, and atherosclerosis."",""short_description"":""Pomegranates may help regulate blood glucose levels."",""quantity"":null},{""type"":""hba1c"",""name"":""HbA1c"",""benefit"":""EA is effective in attenuating obesity and ameliorating obesity-mediated metabolic complications, such as insulin resistance, type 2 diabetes, nonalcoholic fatty liver disease, and atherosclerosis."",""short_description"":""Pomegranates may reduce HbA1c levels, indicating better long-term glucose control."",""quantity"":null}]",2026-06-04 16:37:38.908+02,2026-06-04 21:03:30.941+02,,5A11,http://id.who.int/icd/entity/119724091,Type 2 diabetes mellitus,Review
2212567,370,walnuts,1,type 2 diabetes mellitus,1,ready,4,1,Improvements in Metabolic Health with Consumption of Ellagic Acid and Subsequent Conversion into Urolithins: Evidence and Mechanisms.,https://pubmed.ncbi.nlm.nih.gov/27633111/,27633111,https://doi.org/10.3945/an.116.012575,10.3945/an.116.012575,https://www.ncbi.nlm.nih.gov/pmc/articles/PMC5015040/,PMC5015040,"Journal Article, Review",2,NULL,NULL,NULL,2,walnuts and type 2 diabetes mellitus,NULL,Pomegranate,natural source,"{""1"":{""name"":""insulin resistance"",""benefit_exactly"":""EA is effective in attenuating obesity and ameliorating obesity-mediated metabolic complications, such as insulin resistance, type 2 diabetes, nonalcoholic fatty liver disease, and atherosclerosis."",""benefit_descriptive"":""Walnuts may improve insulin sensitivity and reduce insulin resistance.""}}","[{""type"":""glucose"",""name"":""Glucose"",""benefit"":""EA is effective in attenuating obesity and ameliorating obesity-mediated metabolic complications, such as insulin resistance, type 2 diabetes, nonalcoholic fatty liver disease, and atherosclerosis."",""short_description"":""Walnuts may help regulate blood glucose levels."",""quantity"":null},{""type"":""hba1c"",""name"":""HbA1c"",""benefit"":""EA is effective in attenuating obesity and ameliorating obesity-mediated metabolic complications, such as insulin resistance, type 2 diabetes, nonalcoholic fatty liver disease, and atherosclerosis."",""short_description"":""Walnuts may reduce HbA1c levels, indicating better long-term glucose control."",""quantity"":null}]",2026-06-04 16:37:38.908+02,2026-06-04 21:03:30.941+02,,5A11,http://id.who.int/icd/entity/119724091,Type 2 diabetes mellitus,Review
2212567,0,ellagic acid,2,atherosclerosis,32,ready,0,14,Improvements in Metabolic Health with Consumption of Ellagic Acid and Subsequent Conversion into Urolithins: Evidence and Mechanisms.,https://pubmed.ncbi.nlm.nih.gov/27633111/,27633111,https://doi.org/10.3945/an.116.012575,10.3945/an.116.012575,https://www.ncbi.nlm.nih.gov/pmc/articles/PMC5015040/,PMC5015040,"Journal Article, Review",2,NULL,NULL,NULL,2,ellagic acid and atherosclerosis,NULL,Pomegranate,natural polyphenol,"{""43"":{""name"":""endothelial dysfunction"",""benefit_exactly"":""EA is effective in attenuating obesity and ameliorating obesity-mediated metabolic complications, such as insulin resistance, type 2 diabetes, nonalcoholic fatty liver disease, and atherosclerosis."",""benefit_descriptive"":""Ellagic acid may improve endothelial function and reduce atherosclerosis risk.""}}","[{""type"":""hdl_c_direct"",""name"":""HDL Cholesterol"",""benefit"":""EA is effective in attenuating obesity and ameliorating obesity-mediated metabolic complications, such as insulin resistance, type 2 diabetes, nonalcoholic fatty liver disease, and atherosclerosis."",""short_description"":""Ellagic acid may increase HDL cholesterol levels, improving cardiovascular health."",""quantity"":null},{""type"":""ldl_cholesterol"",""name"":""LDL Cholesterol"",""benefit"":""EA is effective in attenuating obesity and ameliorating obesity-mediated metabolic complications, such as insulin resistance, type 2 diabetes, nonalcoholic fatty liver disease, and atherosclerosis."",""short_description"":""Ellagic acid may reduce LDL cholesterol levels, lowering atherosclerosis risk."",""quantity"":null}]",2026-06-04 16:37:38.908+02,2026-06-04 21:03:30.941+02,,8B11.0,http://id.who.int/icd/entity/1070137396,Cerebral ischaemic stroke due to extracranial large artery atherosclerosis,Review
2212567,22,grapes,2,atherosclerosis,1,ready,4,1,Improvements in Metabolic Health with Consumption of Ellagic Acid and Subsequent Conversion into Urolithins: Evidence and Mechanisms.,https://pubmed.ncbi.nlm.nih.gov/27633111/,27633111,https://doi.org/10.3945/an.116.012575,10.3945/an.116.012575,https://www.ncbi.nlm.nih.gov/pmc/articles/PMC5015040/,PMC5015040,"Journal Article, Review",2,NULL,NULL,NULL,2,grapes and atherosclerosis,NULL,Pomegranate,natural source,"{""43"":{""name"":""endothelial dysfunction"",""benefit_exactly"":""EA is effective in attenuating obesity and ameliorating obesity-mediated metabolic complications, such as insulin resistance, type 2 diabetes, nonalcoholic fatty liver disease, and atherosclerosis."",""benefit_descriptive"":""Grapes may improve endothelial function and reduce atherosclerosis risk.""}}","[{""type"":""hdl_c_direct"",""name"":""HDL Cholesterol"",""benefit"":""EA is effective in attenuating obesity and ameliorating obesity-mediated metabolic complications, such as insulin resistance, type 2 diabetes, nonalcoholic fatty liver disease, and atherosclerosis."",""short_description"":""Grapes may increase HDL cholesterol levels, improving cardiovascular health."",""quantity"":null},{""type"":""ldl_cholesterol"",""name"":""LDL Cholesterol"",""benefit"":""EA is effective in attenuating obesity and ameliorating obesity-mediated metabolic complications, such as insulin resistance, type 2 diabetes, nonalcoholic fatty liver disease, and atherosclerosis."",""short_description"":""Grapes may reduce LDL cholesterol levels, lowering atherosclerosis risk."",""quantity"":null}]",2026-06-04 16:37:38.908+02,2026-06-04 21:03:30.941+02,,8B11.0,http://id.who.int/icd/entity/1070137396,Cerebral ischaemic stroke due to extracranial large artery atherosclerosis,Review
2212567,63,pomegranates,2,atherosclerosis,2,ready,8,1,Improvements in Metabolic Health with Consumption of Ellagic Acid and Subsequent Conversion into Urolithins: Evidence and Mechanisms.,https://pubmed.ncbi.nlm.nih.gov/27633111/,27633111,https://doi.org/10.3945/an.116.012575,10.3945/an.116.012575,https://www.ncbi.nlm.nih.gov/pmc/articles/PMC5015040/,PMC5015040,"Journal Article, Review",2,NULL,NULL,NULL,2,pomegranates and atherosclerosis,NULL,Pomegranate,natural source,"{""43"":{""name"":""endothelial dysfunction"",""benefit_exactly"":""EA is effective in attenuating obesity and ameliorating obesity-mediated metabolic complications, such as insulin resistance, type 2 diabetes, nonalcoholic fatty liver disease, and atherosclerosis."",""benefit_descriptive"":""Pomegranates may improve endothelial function and reduce atherosclerosis risk.""}}","[{""type"":""hdl_c_direct"",""name"":""HDL Cholesterol"",""benefit"":""EA is effective in attenuating obesity and ameliorating obesity-mediated metabolic complications, such as insulin resistance, type 2 diabetes, nonalcoholic fatty liver disease, and atherosclerosis."",""short_description"":""Pomegranates may increase HDL cholesterol levels, improving cardiovascular health."",""quantity"":null},{""type"":""ldl_cholesterol"",""name"":""LDL Cholesterol"",""benefit"":""EA is effective in attenuating obesity and ameliorating obesity-mediated metabolic complications, such as insulin resistance, type 2 diabetes, nonalcoholic fatty liver disease, and atherosclerosis."",""short_description"":""Pomegranates may reduce LDL cholesterol levels, lowering atherosclerosis risk."",""quantity"":null}]",2026-06-04 16:37:38.908+02,2026-06-04 21:03:30.941+02,,8B11.0,http://id.who.int/icd/entity/1070137396,Cerebral ischaemic stroke due to extracranial large artery atherosclerosis,Review
2212567,370,walnuts,2,atherosclerosis,1,ready,4,1,Improvements in Metabolic Health with Consumption of Ellagic Acid and Subsequent Conversion into Urolithins: Evidence and Mechanisms.,https://pubmed.ncbi.nlm.nih.gov/27633111/,27633111,https://doi.org/10.3945/an.116.012575,10.3945/an.116.012575,https://www.ncbi.nlm.nih.gov/pmc/articles/PMC5015040/,PMC5015040,"Journal Article, Review",2,NULL,NULL,NULL,2,walnuts and atherosclerosis,NULL,Pomegranate,natural source,"{""43"":{""name"":""endothelial dysfunction"",""benefit_exactly"":""EA is effective in attenuating obesity and ameliorating obesity-mediated metabolic complications, such as insulin resistance, type 2 diabetes, nonalcoholic fatty liver disease, and atherosclerosis."",""benefit_descriptive"":""Walnuts may improve endothelial function and reduce atherosclerosis risk.""}}","[{""type"":""hdl_c_direct"",""name"":""HDL Cholesterol"",""benefit"":""EA is effective in attenuating obesity and ameliorating obesity-mediated metabolic complications, such as insulin resistance, type 2 diabetes, nonalcoholic fatty liver disease, and atherosclerosis."",""short_description"":""Walnuts may increase HDL cholesterol levels, improving cardiovascular health."",""quantity"":null},{""type"":""ldl_cholesterol"",""name"":""LDL Cholesterol"",""benefit"":""EA is effective in attenuating obesity and ameliorating obesity-mediated metabolic complications, such as insulin resistance, type 2 diabetes, nonalcoholic fatty liver disease, and atherosclerosis."",""short_description"":""Walnuts may reduce LDL cholesterol levels, lowering atherosclerosis risk."",""quantity"":null}]",2026-06-04 16:37:38.908+02,2026-06-04 21:03:30.941+02,,8B11.0,http://id.who.int/icd/entity/1070137396,Cerebral ischaemic stroke due to extracranial large artery atherosclerosis,Review
2212567,22,grapes,4,obesity,1,ready,4,1,Improvements in Metabolic Health with Consumption of Ellagic Acid and Subsequent Conversion into Urolithins: Evidence and Mechanisms.,https://pubmed.ncbi.nlm.nih.gov/27633111/,27633111,https://doi.org/10.3945/an.116.012575,10.3945/an.116.012575,https://www.ncbi.nlm.nih.gov/pmc/articles/PMC5015040/,PMC5015040,"Journal Article, Review",2,NULL,NULL,NULL,2,grapes and obesity,NULL,Pomegranate,natural source,"{""41"":{""name"":""lipid metabolism dysregulation"",""benefit_exactly"":""EA has been investigated extensively because of its antiproliferative action in some cancers, along with its anti-inflammatory effects."",""benefit_descriptive"":""Grapes containing ellagic acid may help regulate lipid metabolism and reduce inflammation associated with obesity.""}}","[{""type"":""triglycerides"",""name"":""Triglycerides"",""benefit"":""EA is effective in attenuating obesity and ameliorating obesity-mediated metabolic complications, such as insulin resistance, type 2 diabetes, nonalcoholic fatty liver disease, and atherosclerosis."",""short_description"":""Grapes may reduce triglyceride levels, improving metabolic health."",""quantity"":null},{""type"":""total_cholesterol"",""name"":""Total Cholesterol"",""benefit"":""EA is effective in attenuating obesity and ameliorating obesity-mediated metabolic complications, such as insulin resistance, type 2 diabetes, nonalcoholic fatty liver disease, and atherosclerosis."",""short_description"":""Grapes may help lower total cholesterol levels."",""quantity"":null}]",2026-06-04 16:37:38.908+02,2026-06-04 21:03:30.941+02,,5B80.0,http://id.who.int/icd/entity/1664144906,Overweight,Review
2212567,63,pomegranates,4,obesity,2,ready,24,2,Improvements in Metabolic Health with Consumption of Ellagic Acid and Subsequent Conversion into Urolithins: Evidence and Mechanisms.,https://pubmed.ncbi.nlm.nih.gov/27633111/,27633111,https://doi.org/10.3945/an.116.012575,10.3945/an.116.012575,https://www.ncbi.nlm.nih.gov/pmc/articles/PMC5015040/,PMC5015040,"Journal Article, Review",2,NULL,NULL,NULL,2,pomegranates and obesity,NULL,Pomegranate,natural source,"{""41"":{""name"":""lipid metabolism dysregulation"",""benefit_exactly"":""EA has been investigated extensively because of its antiproliferative action in some cancers, along with its anti-inflammatory effects."",""benefit_descriptive"":""Pomegranates containing ellagic acid may help regulate lipid metabolism and reduce inflammation associated with obesity.""}}","[{""type"":""triglycerides"",""name"":""Triglycerides"",""benefit"":""EA is effective in attenuating obesity and ameliorating obesity-mediated metabolic complications, such as insulin resistance, type 2 diabetes, nonalcoholic fatty liver disease, and atherosclerosis."",""short_description"":""Pomegranates may reduce triglyceride levels, improving metabolic health."",""quantity"":null},{""type"":""total_cholesterol"",""name"":""Total Cholesterol"",""benefit"":""EA is effective in attenuating obesity and ameliorating obesity-mediated metabolic complications, such as insulin resistance, type 2 diabetes, nonalcoholic fatty liver disease, and atherosclerosis."",""short_description"":""Pomegranates may help lower total cholesterol levels."",""quantity"":null}]",2026-06-04 16:37:38.908+02,2026-06-04 21:03:30.941+02,,5B80.0,http://id.who.int/icd/entity/1664144906,Overweight,Review
2212567,22,grapes,13,non alcoholic fatty liver disease,1,ready,4,1,Improvements in Metabolic Health with Consumption of Ellagic Acid and Subsequent Conversion into Urolithins: Evidence and Mechanisms.,https://pubmed.ncbi.nlm.nih.gov/27633111/,27633111,https://doi.org/10.3945/an.116.012575,10.3945/an.116.012575,https://www.ncbi.nlm.nih.gov/pmc/articles/PMC5015040/,PMC5015040,"Journal Article, Review",2,NULL,NULL,NULL,2,grapes and non alcoholic fatty liver disease,NULL,Pomegranate,natural source,"{""42"":{""name"":""hepatic lipid accumulation"",""benefit_exactly"":""EA is effective in attenuating obesity and ameliorating obesity-mediated metabolic complications, such as insulin resistance, type 2 diabetes, nonalcoholic fatty liver disease, and atherosclerosis."",""benefit_descriptive"":""Grapes may reduce hepatic lipid accumulation and improve liver function.""}}","[{""type"":""total_bilirubin"",""name"":""Total Bilirubin"",""benefit"":""EA is effective in attenuating obesity and ameliorating obesity-mediated metabolic complications, such as insulin resistance, type 2 diabetes, nonalcoholic fatty liver disease, and atherosclerosis."",""short_description"":""Grapes may help normalize bilirubin levels, indicating improved liver function."",""quantity"":null}]",2026-06-04 16:37:38.908+02,2026-06-04 21:03:30.941+02,,DB92,http://id.who.int/icd/entity/1912806631,Non-alcoholic fatty liver disease,Review
2212567,370,walnuts,4,obesity,1,ready,4,1,Improvements in Metabolic Health with Consumption of Ellagic Acid and Subsequent Conversion into Urolithins: Evidence and Mechanisms.,https://pubmed.ncbi.nlm.nih.gov/27633111/,27633111,https://doi.org/10.3945/an.116.012575,10.3945/an.116.012575,https://www.ncbi.nlm.nih.gov/pmc/articles/PMC5015040/,PMC5015040,"Journal Article, Review",2,NULL,NULL,NULL,2,walnuts and obesity,NULL,Pomegranate,natural source,"{""41"":{""name"":""lipid metabolism dysregulation"",""benefit_exactly"":""EA has been investigated extensively because of its antiproliferative action in some cancers, along with its anti-inflammatory effects."",""benefit_descriptive"":""Walnuts containing ellagic acid may help regulate lipid metabolism and reduce inflammation associated with obesity.""}}","[{""type"":""triglycerides"",""name"":""Triglycerides"",""benefit"":""EA is effective in attenuating obesity and ameliorating obesity-mediated metabolic complications, such as insulin resistance, type 2 diabetes, nonalcoholic fatty liver disease, and atherosclerosis."",""short_description"":""Walnuts may reduce triglyceride levels, improving metabolic health."",""quantity"":null},{""type"":""total_cholesterol"",""name"":""Total Cholesterol"",""benefit"":""EA is effective in attenuating obesity and ameliorating obesity-mediated metabolic complications, such as insulin resistance, type 2 diabetes, nonalcoholic fatty liver disease, and atherosclerosis."",""short_description"":""Walnuts may help lower total cholesterol levels."",""quantity"":null}]",2026-06-04 16:37:38.908+02,2026-06-04 21:03:30.941+02,,5B80.0,http://id.who.int/icd/entity/1664144906,Overweight,Review
2212567,0,ellagic acid,13,non alcoholic fatty liver disease,32,ready,0,14,Improvements in Metabolic Health with Consumption of Ellagic Acid and Subsequent Conversion into Urolithins: Evidence and Mechanisms.,https://pubmed.ncbi.nlm.nih.gov/27633111/,27633111,https://doi.org/10.3945/an.116.012575,10.3945/an.116.012575,https://www.ncbi.nlm.nih.gov/pmc/articles/PMC5015040/,PMC5015040,"Journal Article, Review",2,NULL,NULL,NULL,2,ellagic acid and non alcoholic fatty liver disease,NULL,Pomegranate,natural polyphenol,"{""42"":{""name"":""hepatic lipid accumulation"",""benefit_exactly"":""EA is effective in attenuating obesity and ameliorating obesity-mediated metabolic complications, such as insulin resistance, type 2 diabetes, nonalcoholic fatty liver disease, and atherosclerosis."",""benefit_descriptive"":""Ellagic acid may reduce hepatic lipid accumulation and improve liver function.""}}","[{""type"":""total_bilirubin"",""name"":""Total Bilirubin"",""benefit"":""EA is effective in attenuating obesity and ameliorating obesity-mediated metabolic complications, such as insulin resistance, type 2 diabetes, nonalcoholic fatty liver disease, and atherosclerosis."",""short_description"":""Ellagic acid may help normalize bilirubin levels, indicating improved liver function."",""quantity"":null}]",2026-06-04 16:37:38.908+02,2026-06-04 21:03:30.941+02,,DB92,http://id.who.int/icd/entity/1912806631,Non-alcoholic fatty liver disease,Review
2212567,63,pomegranates,13,non alcoholic fatty liver disease,1,ready,4,1,Improvements in Metabolic Health with Consumption of Ellagic Acid and Subsequent Conversion into Urolithins: Evidence and Mechanisms.,https://pubmed.ncbi.nlm.nih.gov/27633111/,27633111,https://doi.org/10.3945/an.116.012575,10.3945/an.116.012575,https://www.ncbi.nlm.nih.gov/pmc/articles/PMC5015040/,PMC5015040,"Journal Article, Review",2,NULL,NULL,NULL,2,pomegranates and non alcoholic fatty liver disease,NULL,Pomegranate,natural source,"{""42"":{""name"":""hepatic lipid accumulation"",""benefit_exactly"":""EA is effective in attenuating obesity and ameliorating obesity-mediated metabolic complications, such as insulin resistance, type 2 diabetes, nonalcoholic fatty liver disease, and atherosclerosis."",""benefit_descriptive"":""Pomegranates may reduce hepatic lipid accumulation and improve liver function.""}}","[{""type"":""total_bilirubin"",""name"":""Total Bilirubin"",""benefit"":""EA is effective in attenuating obesity and ameliorating obesity-mediated metabolic complications, such as insulin resistance, type 2 diabetes, nonalcoholic fatty liver disease, and atherosclerosis."",""short_description"":""Pomegranates may help normalize bilirubin levels, indicating improved liver function."",""quantity"":null}]",2026-06-04 16:37:38.908+02,2026-06-04 21:03:30.941+02,,DB92,http://id.who.int/icd/entity/1912806631,Non-alcoholic fatty liver disease,Review
2212567,370,walnuts,13,non alcoholic fatty liver disease,1,ready,4,1,Improvements in Metabolic Health with Consumption of Ellagic Acid and Subsequent Conversion into Urolithins: Evidence and Mechanisms.,https://pubmed.ncbi.nlm.nih.gov/27633111/,27633111,https://doi.org/10.3945/an.116.012575,10.3945/an.116.012575,https://www.ncbi.nlm.nih.gov/pmc/articles/PMC5015040/,PMC5015040,"Journal Article, Review",2,NULL,NULL,NULL,2,walnuts and non alcoholic fatty liver disease,NULL,Pomegranate,natural source,"{""42"":{""name"":""hepatic lipid accumulation"",""benefit_exactly"":""EA is effective in attenuating obesity and ameliorating obesity-mediated metabolic complications, such as insulin resistance, type 2 diabetes, nonalcoholic fatty liver disease, and atherosclerosis."",""benefit_descriptive"":""Walnuts may reduce hepatic lipid accumulation and improve liver function.""}}","[{""type"":""total_bilirubin"",""name"":""Total Bilirubin"",""benefit"":""EA is effective in attenuating obesity and ameliorating obesity-mediated metabolic complications, such as insulin resistance, type 2 diabetes, nonalcoholic fatty liver disease, and atherosclerosis."",""short_description"":""Walnuts may help normalize bilirubin levels, indicating improved liver function."",""quantity"":null}]",2026-06-04 16:37:38.908+02,2026-06-04 21:03:30.941+02,,DB92,http://id.who.int/icd/entity/1912806631,Non-alcoholic fatty liver disease,Review
2212568,0,berry,5,cardiovascular disease,32,ready,0,15,An Overview of Plant Phenolic Compounds and Their Importance in Human Nutrition and Management of Type 2 Diabetes.,https://pubmed.ncbi.nlm.nih.gov/27754463/,27754463,https://doi.org/10.3390/molecules21101374,10.3390/molecules21101374,https://www.ncbi.nlm.nih.gov/pmc/articles/PMC6274266/,PMC6274266,"Journal Article, Review",2,NULL,NULL,NULL,2,berry and cardiovascular disease,NULL,Pomegranate juice,juice,"{""19"":{""name"":""oxidative stress"",""benefit_exactly"":""Polyphenols, especially flavonoids, phenolic acids and tannins, have the important property of inhibiting α-glucosidase and α-amylase, which are key enzymes and responsible for the digestion of dietary carbohydrates to glucose."",""benefit_descriptive"":""Polyphenols inhibit key enzymes involved in carbohydrate digestion, reducing glucose absorption.""}}","[{""type"":""total_cholesterol"",""name"":""total cholesterol"",""benefit"":null,""short_description"":null,""quantity"":null},{""type"":""hdl_c_direct"",""name"":""HDL cholesterol"",""benefit"":null,""short_description"":null,""quantity"":null}]",2026-06-04 16:37:38.908+02,2026-06-04 21:03:30.941+02,,,http://id.who.int/icd/entity/2079332103,Circulatory system,Review
2212568,0,berry,1,type 2 diabetes mellitus,32,ready,0,15,An Overview of Plant Phenolic Compounds and Their Importance in Human Nutrition and Management of Type 2 Diabetes.,https://pubmed.ncbi.nlm.nih.gov/27754463/,27754463,https://doi.org/10.3390/molecules21101374,10.3390/molecules21101374,https://www.ncbi.nlm.nih.gov/pmc/articles/PMC6274266/,PMC6274266,"Journal Article, Review",2,NULL,NULL,NULL,2,berry and type 2 diabetes mellitus,NULL,Pomegranate juice,juice,"{""2"":{""name"":""oxidative stress"",""benefit_exactly"":""Polyphenols, especially flavonoids, phenolic acids and tannins, have the important property of inhibiting α-glucosidase and α-amylase, which are key enzymes and responsible for the digestion of dietary carbohydrates to glucose."",""benefit_descriptive"":""Polyphenols inhibit key enzymes involved in carbohydrate digestion, reducing glucose absorption.""},""18"":{""name"":""hyperglycemia"",""benefit_exactly"":""Polyphenolic compounds can also prevent the development of long-term diabetes complications, including cardiovascular disease, neuropathy, nephropathy and retinopathy."",""benefit_descriptive"":""Polyphenolic compounds help prevent long-term complications associated with hyperglycemia.""}}","[{""type"":""glucose"",""name"":""glucose"",""benefit"":""Polyphenols modulate carbohydrate and lipid metabolism, attenuate hyperglycemia, dyslipidemia and insulin resistance."",""short_description"":""Polyphenols help regulate glucose levels and improve metabolic health."",""quantity"":null},{""type"":""hba1c"",""name"":""HbA1c"",""benefit"":null,""short_description"":null,""quantity"":null}]",2026-06-04 16:37:38.908+02,2026-06-04 21:03:30.941+02,,5A11,http://id.who.int/icd/entity/119724091,Type 2 diabetes mellitus,Review
2212568,22,grape,1,type 2 diabetes mellitus,4,ready,16,2,An Overview of Plant Phenolic Compounds and Their Importance in Human Nutrition and Management of Type 2 Diabetes.,https://pubmed.ncbi.nlm.nih.gov/27754463/,27754463,https://doi.org/10.3390/molecules21101374,10.3390/molecules21101374,https://www.ncbi.nlm.nih.gov/pmc/articles/PMC6274266/,PMC6274266,"Journal Article, Review",2,NULL,NULL,NULL,2,grape and type 2 diabetes mellitus,NULL,Pomegranate juice,extract,"{""2"":{""name"":""oxidative stress"",""benefit_exactly"":""Polyphenols, especially flavonoids, phenolic acids and tannins, have the important property of inhibiting α-glucosidase and α-amylase, which are key enzymes and responsible for the digestion of dietary carbohydrates to glucose."",""benefit_descriptive"":""Polyphenols inhibit key enzymes involved in carbohydrate digestion, reducing glucose absorption.""}}","[{""type"":""glucose"",""name"":""glucose"",""benefit"":""Polyphenols modulate carbohydrate and lipid metabolism, attenuate hyperglycemia, dyslipidemia and insulin resistance."",""short_description"":""Polyphenols help regulate glucose levels and improve metabolic health."",""quantity"":null}]",2026-06-04 16:37:38.908+02,2026-06-04 21:03:30.941+02,Vitis vinifera,5A11,http://id.who.int/icd/entity/119724091,Type 2 diabetes mellitus,Review
2212568,63,pomegranate,1,type 2 diabetes mellitus,19,ready,285,14,An Overview of Plant Phenolic Compounds and Their Importance in Human Nutrition and Management of Type 2 Diabetes.,https://pubmed.ncbi.nlm.nih.gov/27754463/,27754463,https://doi.org/10.3390/molecules21101374,10.3390/molecules21101374,https://www.ncbi.nlm.nih.gov/pmc/articles/PMC6274266/,PMC6274266,"Journal Article, Review",2,NULL,NULL,NULL,2,pomegranate and type 2 diabetes mellitus,NULL,Pomegranate juice,juice,"{""2"":{""name"":""oxidative stress"",""benefit_exactly"":""Polyphenols, especially flavonoids, phenolic acids and tannins, have the important property of inhibiting α-glucosidase and α-amylase, which are key enzymes and responsible for the digestion of dietary carbohydrates to glucose."",""benefit_descriptive"":""Polyphenols inhibit key enzymes involved in carbohydrate digestion, reducing glucose absorption.""}}","[{""type"":""glucose"",""name"":""glucose"",""benefit"":""Polyphenols modulate carbohydrate and lipid metabolism, attenuate hyperglycemia, dyslipidemia and insulin resistance."",""short_description"":""Polyphenols help regulate glucose levels and improve metabolic health."",""quantity"":null}]",2026-06-04 16:37:38.908+02,2026-06-04 21:03:30.941+02,Punica granatum,5A11,http://id.who.int/icd/entity/119724091,Type 2 diabetes mellitus,Review
2212569,497,chocolate,1,type 2 diabetes mellitus,2,ready,4,2,Polyphenols and Glycemic Control.,https://pubmed.ncbi.nlm.nih.gov/26742071/,26742071,https://doi.org/10.3390/nu8010017,10.3390/nu8010017,https://www.ncbi.nlm.nih.gov/pmc/articles/PMC4728631/,PMC4728631,"Journal Article, Review",2,0,NULL,NULL,0,chocolate and type 2 diabetes mellitus,NULL,Pomegranate,food,"{""1"":{""name"":""insulin resistance"",""benefit_exactly"":null,""benefit_descriptive"":null}}","[{""type"":""glucose"",""name"":""fasting plasma glucose"",""benefit"":null,""short_description"":null,""quantity"":null},{""type"":""hba1c"",""name"":""HbA1c"",""benefit"":null,""short_description"":null,""quantity"":null},{""type"":""insulin"",""name"":""insulin levels"",""benefit"":null,""short_description"":null,""quantity"":null}]",2026-06-04 18:56:47.786+02,2026-06-04 21:03:30.941+02,Theobroma cacao,5A11,http://id.who.int/icd/entity/119724091,Type 2 diabetes mellitus,Review
2212569,0,polyphenols,1,type 2 diabetes mellitus,32,ready,0,24,Polyphenols and Glycemic Control.,https://pubmed.ncbi.nlm.nih.gov/26742071/,26742071,https://doi.org/10.3390/nu8010017,10.3390/nu8010017,https://www.ncbi.nlm.nih.gov/pmc/articles/PMC4728631/,PMC4728631,"Journal Article, Review",2,0,NULL,NULL,2,polyphenols and type 2 diabetes mellitus,NULL,Pomegranate,dietary intake,"{""1"":{""name"":""insulin resistance"",""benefit_exactly"":""Polyphenols may enhance insulin-dependent glucose uptake, activate 5′ adenosine monophosphate-activated protein kinase (AMPK), modify the microbiome and have anti-inflammatory effects."",""benefit_descriptive"":""Polyphenols improve insulin sensitivity and glucose metabolism through multiple mechanisms.""},""38"":{""name"":""glucose absorption"",""benefit_exactly"":""Polyphenols may inhibit glucose absorption in the intestine by sodium-dependent glucose transporter 1 (SGLT1)."",""benefit_descriptive"":""Polyphenols reduce glucose absorption in the intestines.""},""39"":{""name"":""hepatic glucose output"",""benefit_exactly"":""Polyphenols may reduce hepatic glucose output."",""benefit_descriptive"":""Polyphenols decrease glucose production in the liver.""}}","[{""type"":""glucose"",""name"":""fasting plasma glucose"",""benefit"":null,""short_description"":null,""quantity"":null},{""type"":""hba1c"",""name"":""HbA1c"",""benefit"":null,""short_description"":null,""quantity"":null},{""type"":""insulin"",""name"":""insulin levels"",""benefit"":null,""short_description"":null,""quantity"":null}]",2026-06-04 18:56:47.786+02,2026-06-04 21:03:30.941+02,,5A11,http://id.who.int/icd/entity/119724091,Type 2 diabetes mellitus,Review
2212569,752,olive oil,1,type 2 diabetes mellitus,2,ready,4,2,Polyphenols and Glycemic Control.,https://pubmed.ncbi.nlm.nih.gov/26742071/,26742071,https://doi.org/10.3390/nu8010017,10.3390/nu8010017,https://www.ncbi.nlm.nih.gov/pmc/articles/PMC4728631/,PMC4728631,"Journal Article, Review",2,0,NULL,NULL,0,olive oil and type 2 diabetes mellitus,NULL,Pomegranate,oil,"{""1"":{""name"":""insulin resistance"",""benefit_exactly"":null,""benefit_descriptive"":null}}","[{""type"":""glucose"",""name"":""fasting plasma glucose"",""benefit"":null,""short_description"":null,""quantity"":null},{""type"":""hba1c"",""name"":""HbA1c"",""benefit"":null,""short_description"":null,""quantity"":null},{""type"":""insulin"",""name"":""insulin levels"",""benefit"":null,""short_description"":null,""quantity"":null}]",2026-06-04 18:56:47.786+02,2026-06-04 21:03:30.941+02,Olea europaea,5A11,http://id.who.int/icd/entity/119724091,Type 2 diabetes mellitus,Review
2212569,22,grape,1,type 2 diabetes mellitus,4,ready,16,3,Polyphenols and Glycemic Control.,https://pubmed.ncbi.nlm.nih.gov/26742071/,26742071,https://doi.org/10.3390/nu8010017,10.3390/nu8010017,https://www.ncbi.nlm.nih.gov/pmc/articles/PMC4728631/,PMC4728631,"Journal Article, Review",2,0,NULL,NULL,2,grape and type 2 diabetes mellitus,NULL,Pomegranate,fruit,"{""1"":{""name"":""insulin resistance"",""benefit_exactly"":""Grape seed-derived procyanidins improved insulin sensitivity by activation of 5′ adenosine monophosphate-activated protein kinase (AMPK)."",""benefit_descriptive"":""Grape seed procyanidins improve insulin sensitivity.""}}","[{""type"":""glucose"",""name"":""fasting plasma glucose"",""benefit"":null,""short_description"":null,""quantity"":null},{""type"":""hba1c"",""name"":""HbA1c"",""benefit"":null,""short_description"":null,""quantity"":null},{""type"":""insulin"",""name"":""insulin levels"",""benefit"":null,""short_description"":null,""quantity"":null}]",2026-06-04 18:56:47.786+02,2026-06-04 21:03:30.941+02,Vitis vinifera,5A11,http://id.who.int/icd/entity/119724091,Type 2 diabetes mellitus,Review
2212569,24,apple,1,type 2 diabetes mellitus,3,ready,12,2,Polyphenols and Glycemic Control.,https://pubmed.ncbi.nlm.nih.gov/26742071/,26742071,https://doi.org/10.3390/nu8010017,10.3390/nu8010017,https://www.ncbi.nlm.nih.gov/pmc/articles/PMC4728631/,PMC4728631,"Journal Article, Review",2,0,NULL,NULL,2,apple and type 2 diabetes mellitus,NULL,Pomegranate,fruit,"{""1"":{""name"":""insulin resistance"",""benefit_exactly"":""Apple consumption was associated with a 28% lower T2D risk."",""benefit_descriptive"":""Apple consumption reduces the risk of type 2 diabetes.""}}","[{""type"":""glucose"",""name"":""fasting plasma glucose"",""benefit"":null,""short_description"":null,""quantity"":null},{""type"":""hba1c"",""name"":""HbA1c"",""benefit"":null,""short_description"":null,""quantity"":null},{""type"":""insulin"",""name"":""insulin levels"",""benefit"":null,""short_description"":null,""quantity"":null}]",2026-06-04 18:56:47.786+02,2026-06-04 21:03:30.941+02,Malus domestica,5A11,http://id.who.int/icd/entity/119724091,Type 2 diabetes mellitus,Review
2212569,63,pomegranate,1,type 2 diabetes mellitus,19,ready,285,19,Polyphenols and Glycemic Control.,https://pubmed.ncbi.nlm.nih.gov/26742071/,26742071,https://doi.org/10.3390/nu8010017,10.3390/nu8010017,https://www.ncbi.nlm.nih.gov/pmc/articles/PMC4728631/,PMC4728631,"Journal Article, Review",2,0,NULL,NULL,0,pomegranate and type 2 diabetes mellitus,NULL,Pomegranate,fruit,"{""1"":{""name"":""insulin resistance"",""benefit_exactly"":null,""benefit_descriptive"":null}}","[{""type"":""glucose"",""name"":""fasting plasma glucose"",""benefit"":null,""short_description"":null,""quantity"":null},{""type"":""hba1c"",""name"":""HbA1c"",""benefit"":null,""short_description"":null,""quantity"":null},{""type"":""insulin"",""name"":""insulin levels"",""benefit"":null,""short_description"":null,""quantity"":null}]",2026-06-04 18:56:47.786+02,2026-06-04 21:03:30.941+02,Punica granatum,5A11,http://id.who.int/icd/entity/119724091,Type 2 diabetes mellitus,Review
2212569,77,cinnamon,1,type 2 diabetes mellitus,1,ready,4,1,Polyphenols and Glycemic Control.,https://pubmed.ncbi.nlm.nih.gov/26742071/,26742071,https://doi.org/10.3390/nu8010017,10.3390/nu8010017,https://www.ncbi.nlm.nih.gov/pmc/articles/PMC4728631/,PMC4728631,"Journal Article, Review",2,0,NULL,NULL,2,cinnamon and type 2 diabetes mellitus,NULL,Pomegranate,spice,"{""1"":{""name"":""insulin resistance"",""benefit_exactly"":""Cinnamon has shown potential to promote insulin signalling, and GLUT4 translocation in Swiss albino mouse embryo fibroblast line 3T3-L1 adipocytes."",""benefit_descriptive"":""Cinnamon improves insulin signaling and glucose uptake.""}}","[{""type"":""glucose"",""name"":""fasting plasma glucose"",""benefit"":null,""short_description"":null,""quantity"":null},{""type"":""hba1c"",""name"":""HbA1c"",""benefit"":null,""short_description"":null,""quantity"":null},{""type"":""insulin"",""name"":""insulin levels"",""benefit"":null,""short_description"":null,""quantity"":null}]",2026-06-04 18:56:47.786+02,2026-06-04 21:03:30.941+02,Cinnamomum verum,5A11,http://id.who.int/icd/entity/119724091,Type 2 diabetes mellitus,Review
2212569,720,tea,1,type 2 diabetes mellitus,2,ready,8,2,Polyphenols and Glycemic Control.,https://pubmed.ncbi.nlm.nih.gov/26742071/,26742071,https://doi.org/10.3390/nu8010017,10.3390/nu8010017,https://www.ncbi.nlm.nih.gov/pmc/articles/PMC4728631/,PMC4728631,"Journal Article, Review",2,0,NULL,NULL,2,tea and type 2 diabetes mellitus,NULL,Pomegranate,beverage,"{""1"":{""name"":""insulin resistance"",""benefit_exactly"":""Green tea consumption was positively associated with HOMA–IR."",""benefit_descriptive"":""Green tea improves insulin resistance.""}}","[{""type"":""glucose"",""name"":""fasting plasma glucose"",""benefit"":null,""short_description"":null,""quantity"":null},{""type"":""hba1c"",""name"":""HbA1c"",""benefit"":null,""short_description"":null,""quantity"":null},{""type"":""insulin"",""name"":""insulin levels"",""benefit"":null,""short_description"":null,""quantity"":null}]",2026-06-04 18:56:47.786+02,2026-06-04 21:03:30.941+02,Camellia sinensis,5A11,http://id.who.int/icd/entity/119724091,Type 2 diabetes mellitus,Review
2212569,791,coffee,1,type 2 diabetes mellitus,3,ready,12,3,Polyphenols and Glycemic Control.,https://pubmed.ncbi.nlm.nih.gov/26742071/,26742071,https://doi.org/10.3390/nu8010017,10.3390/nu8010017,https://www.ncbi.nlm.nih.gov/pmc/articles/PMC4728631/,PMC4728631,"Journal Article, Review",2,0,NULL,NULL,2,coffee and type 2 diabetes mellitus,NULL,Pomegranate,beverage,"{""1"":{""name"":""insulin resistance"",""benefit_exactly"":""Coffee consumption was associated with decreased fasting insulin and 2-h post-load glucose, and increased insulin sensitivity."",""benefit_descriptive"":""Coffee improves insulin sensitivity and reduces blood glucose levels.""}}","[{""type"":""glucose"",""name"":""fasting plasma glucose"",""benefit"":""Coffee consumption was associated with decreased fasting insulin and 2-h post-load glucose."",""short_description"":""Coffee reduces fasting glucose levels."",""quantity"":null},{""type"":""hba1c"",""name"":""HbA1c"",""benefit"":null,""short_description"":null,""quantity"":null},{""type"":""insulin"",""name"":""insulin levels"",""benefit"":""Coffee consumption was associated with decreased fasting insulin."",""short_description"":""Coffee reduces insulin levels."",""quantity"":null}]",2026-06-04 18:56:47.786+02,2026-06-04 21:03:30.941+02,Coffea spp.,5A11,http://id.who.int/icd/entity/119724091,Type 2 diabetes mellitus,Review
2212570,0,purple cauliflower,1,type 2 diabetes mellitus,32,ready,0,25,Anthocyanins: Potential Therapeutic Approaches towards Obesity and Diabetes Mellitus Type 2.,https://pubmed.ncbi.nlm.nih.gov/36770906/,36770906,https://doi.org/10.3390/molecules28031237,10.3390/molecules28031237,https://www.ncbi.nlm.nih.gov/pmc/articles/PMC9919338/,PMC9919338,"Journal Article, Review",2,0,NULL,NULL,2,purple cauliflower and type 2 diabetes mellitus,NULL,Pomegranate,raw,"{""2"":{""name"":""oxidative stress"",""benefit_exactly"":""Anthocyanins have been correlated with lower incidence of type 2 diabetes in humans."",""benefit_descriptive"":""Anthocyanins in purple cauliflower reduce oxidative stress, which is a contributing factor to type 2 diabetes.""}}","[{""type"":""glucose"",""name"":""glucose"",""benefit"":""Recent studies (in vitro and in vivo) have revealed the beneficial glucose control properties of anthocyanins."",""short_description"":""Anthocyanins in purple cauliflower help regulate blood glucose levels, which is beneficial for managing type 2 diabetes."",""quantity"":null}]",2026-06-04 16:37:38.908+02,2026-06-04 21:03:30.941+02,Brassica oleracea var. botrytis,5A11,http://id.who.int/icd/entity/119724091,Type 2 diabetes mellitus,Review
2212570,7,strawberry,1,type 2 diabetes mellitus,1,ready,4,1,Anthocyanins: Potential Therapeutic Approaches towards Obesity and Diabetes Mellitus Type 2.,https://pubmed.ncbi.nlm.nih.gov/36770906/,36770906,https://doi.org/10.3390/molecules28031237,10.3390/molecules28031237,https://www.ncbi.nlm.nih.gov/pmc/articles/PMC9919338/,PMC9919338,"Journal Article, Review",2,0,NULL,NULL,2,strawberry and type 2 diabetes mellitus,NULL,Pomegranate,raw,"{""2"":{""name"":""oxidative stress"",""benefit_exactly"":""Anthocyanins have been correlated with lower incidence of type 2 diabetes in humans."",""benefit_descriptive"":""Anthocyanins in strawberries reduce oxidative stress, which is a contributing factor to type 2 diabetes.""}}","[{""type"":""glucose"",""name"":""glucose"",""benefit"":""Recent studies (in vitro and in vivo) have revealed the beneficial glucose control properties of anthocyanins."",""short_description"":""Anthocyanins in strawberries help regulate blood glucose levels, which is beneficial for managing type 2 diabetes."",""quantity"":null}]",2026-06-04 16:37:38.908+02,2026-06-04 21:03:30.941+02,Fragaria × ananassa,5A11,http://id.who.int/icd/entity/119724091,Type 2 diabetes mellitus,Review
2212570,8,raspberry,1,type 2 diabetes mellitus,1,ready,4,1,Anthocyanins: Potential Therapeutic Approaches towards Obesity and Diabetes Mellitus Type 2.,https://pubmed.ncbi.nlm.nih.gov/36770906/,36770906,https://doi.org/10.3390/molecules28031237,10.3390/molecules28031237,https://www.ncbi.nlm.nih.gov/pmc/articles/PMC9919338/,PMC9919338,"Journal Article, Review",2,0,NULL,NULL,2,raspberry and type 2 diabetes mellitus,NULL,Pomegranate,extract,"{""2"":{""name"":""oxidative stress"",""benefit_exactly"":""Anthocyanins have been correlated with lower incidence of type 2 diabetes in humans."",""benefit_descriptive"":""Anthocyanins in raspberries reduce oxidative stress, which is a contributing factor to type 2 diabetes.""}}","[{""type"":""glucose"",""name"":""glucose"",""benefit"":""Recent studies (in vitro and in vivo) have revealed the beneficial glucose control properties of anthocyanins."",""short_description"":""Anthocyanins in raspberries help regulate blood glucose levels, which is beneficial for managing type 2 diabetes."",""quantity"":null}]",2026-06-04 16:37:38.908+02,2026-06-04 21:03:30.941+02,Rubus idaeus,5A11,http://id.who.int/icd/entity/119724091,Type 2 diabetes mellitus,Review
2212570,22,grapes,1,type 2 diabetes mellitus,4,ready,16,4,Anthocyanins: Potential Therapeutic Approaches towards Obesity and Diabetes Mellitus Type 2.,https://pubmed.ncbi.nlm.nih.gov/36770906/,36770906,https://doi.org/10.3390/molecules28031237,10.3390/molecules28031237,https://www.ncbi.nlm.nih.gov/pmc/articles/PMC9919338/,PMC9919338,"Journal Article, Review",2,0,NULL,NULL,2,grapes and type 2 diabetes mellitus,NULL,Pomegranate,raw,"{""2"":{""name"":""oxidative stress"",""benefit_exactly"":""Anthocyanins have been correlated with lower incidence of type 2 diabetes in humans."",""benefit_descriptive"":""Anthocyanins in grapes reduce oxidative stress, which is a contributing factor to type 2 diabetes.""}}","[{""type"":""glucose"",""name"":""glucose"",""benefit"":""Recent studies (in vitro and in vivo) have revealed the beneficial glucose control properties of anthocyanins."",""short_description"":""Anthocyanins in grapes help regulate blood glucose levels, which is beneficial for managing type 2 diabetes."",""quantity"":null}]",2026-06-04 16:37:38.908+02,2026-06-04 21:03:30.941+02,Vitis vinifera,5A11,http://id.who.int/icd/entity/119724091,Type 2 diabetes mellitus,Review
2212570,63,pomegranate,1,type 2 diabetes mellitus,19,ready,285,17,Anthocyanins: Potential Therapeutic Approaches towards Obesity and Diabetes Mellitus Type 2.,https://pubmed.ncbi.nlm.nih.gov/36770906/,36770906,https://doi.org/10.3390/molecules28031237,10.3390/molecules28031237,https://www.ncbi.nlm.nih.gov/pmc/articles/PMC9919338/,PMC9919338,"Journal Article, Review",2,0,NULL,NULL,2,pomegranate and type 2 diabetes mellitus,NULL,Pomegranate,raw,"{""2"":{""name"":""oxidative stress"",""benefit_exactly"":""Anthocyanins have been correlated with lower incidence of type 2 diabetes in humans."",""benefit_descriptive"":""Anthocyanins in pomegranate reduce oxidative stress, which is a contributing factor to type 2 diabetes.""}}","[{""type"":""glucose"",""name"":""glucose"",""benefit"":""Recent studies (in vitro and in vivo) have revealed the beneficial glucose control properties of anthocyanins."",""short_description"":""Anthocyanins in pomegranate help regulate blood glucose levels, which is beneficial for managing type 2 diabetes."",""quantity"":null}]",2026-06-04 16:37:38.908+02,2026-06-04 21:03:30.941+02,Punica granatum,5A11,http://id.who.int/icd/entity/119724091,Type 2 diabetes mellitus,Review
2212570,457,anthocyanins,1,type 2 diabetes mellitus,3,ready,12,3,Anthocyanins: Potential Therapeutic Approaches towards Obesity and Diabetes Mellitus Type 2.,https://pubmed.ncbi.nlm.nih.gov/36770906/,36770906,https://doi.org/10.3390/molecules28031237,10.3390/molecules28031237,https://www.ncbi.nlm.nih.gov/pmc/articles/PMC9919338/,PMC9919338,"Journal Article, Review",2,0,NULL,NULL,2,anthocyanins and type 2 diabetes mellitus,NULL,Pomegranate,extract,"{""1"":{""name"":""insulin resistance"",""benefit_exactly"":""Recent studies have shown that the anthocyanin-rich extract from the peri-layer of purple corn decreases insulin resistance and increases glucose uptake in 3T3-L1 adipocytes."",""benefit_descriptive"":""Anthocyanins improve insulin sensitivity and glucose metabolism, reducing insulin resistance.""},""2"":{""name"":""oxidative stress"",""benefit_exactly"":""Anthocyanins have been correlated with lower incidence of type 2 diabetes in humans."",""benefit_descriptive"":""Anthocyanins reduce oxidative stress, which is a contributing factor to type 2 diabetes.""}}","[{""type"":""glucose"",""name"":""glucose"",""benefit"":""Recent studies (in vitro and in vivo) have revealed the beneficial glucose control properties of anthocyanins."",""short_description"":""Anthocyanins help regulate blood glucose levels, which is beneficial for managing type 2 diabetes."",""quantity"":null},{""type"":""hba1c"",""name"":""HbA1c"",""benefit"":null,""short_description"":null,""quantity"":null}]",2026-06-04 16:37:38.908+02,2026-06-04 21:03:30.941+02,,5A11,http://id.who.int/icd/entity/119724091,Type 2 diabetes mellitus,Review
2212570,457,anthocyanins,4,obesity,1,ready,4,1,Anthocyanins: Potential Therapeutic Approaches towards Obesity and Diabetes Mellitus Type 2.,https://pubmed.ncbi.nlm.nih.gov/36770906/,36770906,https://doi.org/10.3390/molecules28031237,10.3390/molecules28031237,https://www.ncbi.nlm.nih.gov/pmc/articles/PMC9919338/,PMC9919338,"Journal Article, Review",2,0,NULL,NULL,2,anthocyanins and obesity,NULL,Pomegranate,extract,"{""40"":{""name"":""low-grade inflammation"",""benefit_exactly"":""Lifestyle changes are pillars within its therapeutics and, thus, current dietary modifications should include not only hypocaloric prescriptions with balanced macronutrient intake, preferably by increasing the amount of whole grains, fruits, vegetables, nuts and legumes, but in concomitance, bioactive substances, such as anthocyanins, have been correlated with lower incidence of this disease."",""benefit_descriptive"":""Anthocyanins help reduce low-grade inflammation associated with obesity.""}}","[{""type"":""c_reactive_protein"",""name"":""C-reactive protein"",""benefit"":null,""short_description"":null,""quantity"":null}]",2026-06-04 16:37:38.908+02,2026-06-04 21:03:30.941+02,,5B80.0,http://id.who.int/icd/entity/1664144906,Overweight,Review
2212571,791,coffee,12,liver fibrosis,1,ready,4,1,Health Effects of Coffee: Mechanism Unraveled?,https://pubmed.ncbi.nlm.nih.gov/32575704/,32575704,https://doi.org/10.3390/nu12061842,10.3390/nu12061842,https://www.ncbi.nlm.nih.gov/pmc/articles/PMC7353358/,PMC7353358,"Journal Article, Review",2,NULL,NULL,NULL,2,coffee and liver fibrosis,NULL,Pomegranate,brewed,"{""33"":{""name"":""fibrosis"",""benefit_exactly"":""Positive health outcomes include lower incidences of liver fibrosis."",""benefit_descriptive"":""Coffee consumption may reduce fibrosis, lowering the risk of liver fibrosis.""}}","[{""type"":""alt_gpt"",""name"":""ALT levels"",""benefit"":""No significant changes in ALT levels were reported."",""short_description"":null,""quantity"":null}]",2026-06-04 16:46:39.74+02,2026-06-04 21:03:30.941+02,Coffea spp.,DB94.2,http://id.who.int/icd/entity/2030367981,Alcoholic liver fibrosis,Review
2212571,791,coffee,11,gout,1,ready,4,1,Health Effects of Coffee: Mechanism Unraveled?,https://pubmed.ncbi.nlm.nih.gov/32575704/,32575704,https://doi.org/10.3390/nu12061842,10.3390/nu12061842,https://www.ncbi.nlm.nih.gov/pmc/articles/PMC7353358/,PMC7353358,"Journal Article, Review",2,NULL,NULL,NULL,2,coffee and gout,NULL,Pomegranate,brewed,"{""32"":{""name"":""uric acid levels"",""benefit_exactly"":""Positive health outcomes include lower incidences of gout."",""benefit_descriptive"":""Coffee consumption may reduce uric acid levels, lowering the risk of gout.""}}","[{""type"":""uric_acid"",""name"":""Uric acid levels"",""benefit"":""No specific lab changes mentioned."",""short_description"":null,""quantity"":null}]",2026-06-04 16:46:39.74+02,2026-06-04 21:03:30.941+02,Coffea spp.,FA25,http://id.who.int/icd/entity/395622227,Gout,Review
2212571,791,coffee,9,chronic liver disease,1,ready,4,1,Health Effects of Coffee: Mechanism Unraveled?,https://pubmed.ncbi.nlm.nih.gov/32575704/,32575704,https://doi.org/10.3390/nu12061842,10.3390/nu12061842,https://www.ncbi.nlm.nih.gov/pmc/articles/PMC7353358/,PMC7353358,"Journal Article, Review",2,NULL,NULL,NULL,2,coffee and chronic liver disease,NULL,Pomegranate,brewed,"{""30"":{""name"":""oxidative stress"",""benefit_exactly"":""The molecular mechanism responsible for these putative health effects is still unresolved."",""benefit_descriptive"":""Coffee consumption may reduce oxidative stress, contributing to lower risk of chronic liver disease.""}}","[{""type"":""alt_gpt"",""name"":""ALT levels"",""benefit"":""No significant changes in ALT levels were reported."",""short_description"":null,""quantity"":null}]",2026-06-04 16:46:39.74+02,2026-06-04 21:03:30.941+02,Coffea spp.,DB99.0,http://id.who.int/icd/entity/738694757,Chronic liver disease,Review
2212571,791,coffee,10,parkinson s disease,1,ready,4,1,Health Effects of Coffee: Mechanism Unraveled?,https://pubmed.ncbi.nlm.nih.gov/32575704/,32575704,https://doi.org/10.3390/nu12061842,10.3390/nu12061842,https://www.ncbi.nlm.nih.gov/pmc/articles/PMC7353358/,PMC7353358,"Journal Article, Review",2,NULL,NULL,NULL,2,coffee and parkinson s disease,NULL,Pomegranate,brewed,"{""31"":{""name"":""neurodegeneration"",""benefit_exactly"":""Positive health outcomes include lower incidences of Parkinson’s disease."",""benefit_descriptive"":""Coffee consumption may reduce the risk of Parkinson's disease by protecting against neurodegeneration.""}}","[{""type"":""micrornas"",""name"":""MicroRNA levels"",""benefit"":""No specific lab changes mentioned."",""short_description"":null,""quantity"":null}]",2026-06-04 16:46:39.74+02,2026-06-04 21:03:30.941+02,Coffea spp.,8A00.0,http://id.who.int/icd/entity/296066191,Parkinson disease,Review
2212571,791,coffee,14,liver cirrhosis,1,ready,4,1,Health Effects of Coffee: Mechanism Unraveled?,https://pubmed.ncbi.nlm.nih.gov/32575704/,32575704,https://doi.org/10.3390/nu12061842,10.3390/nu12061842,https://www.ncbi.nlm.nih.gov/pmc/articles/PMC7353358/,PMC7353358,"Journal Article, Review",2,NULL,NULL,NULL,2,coffee and liver cirrhosis,NULL,Pomegranate,brewed,"{""35"":{""name"":""fibrosis"",""benefit_exactly"":""Positive health outcomes include lower incidences of liver cirrhosis."",""benefit_descriptive"":""Coffee consumption may reduce fibrosis, lowering the risk of liver cirrhosis.""}}","[{""type"":""alt_gpt"",""name"":""ALT levels"",""benefit"":""No significant changes in ALT levels were reported."",""short_description"":null,""quantity"":null}]",2026-06-04 16:46:39.74+02,2026-06-04 21:03:30.941+02,Coffea spp.,XA5DY0,http://id.who.int/icd/entity/328366540,Liver,Review
2212571,791,coffee,15,liver cancer,1,ready,4,1,Health Effects of Coffee: Mechanism Unraveled?,https://pubmed.ncbi.nlm.nih.gov/32575704/,32575704,https://doi.org/10.3390/nu12061842,10.3390/nu12061842,https://www.ncbi.nlm.nih.gov/pmc/articles/PMC7353358/,PMC7353358,"Journal Article, Review",2,NULL,NULL,NULL,2,coffee and liver cancer,NULL,Pomegranate,brewed,"{""36"":{""name"":""oxidative stress"",""benefit_exactly"":""The molecular mechanism responsible for these putative health effects is still unresolved."",""benefit_descriptive"":""Coffee consumption may reduce oxidative stress, contributing to lower risk of liver cancer.""}}","[{""type"":""alt_gpt"",""name"":""ALT levels"",""benefit"":""No significant changes in ALT levels were reported."",""short_description"":null,""quantity"":null}]",2026-06-04 16:46:39.74+02,2026-06-04 21:03:30.941+02,Coffea spp.,XA5DY0,http://id.who.int/icd/entity/328366540,Liver,Review
2212571,0,cafestol,1,type 2 diabetes mellitus,32,ready,0,16,Health Effects of Coffee: Mechanism Unraveled?,https://pubmed.ncbi.nlm.nih.gov/32575704/,32575704,https://doi.org/10.3390/nu12061842,10.3390/nu12061842,https://www.ncbi.nlm.nih.gov/pmc/articles/PMC7353358/,PMC7353358,"Journal Article, Review",2,NULL,NULL,NULL,2,cafestol and type 2 diabetes mellitus,NULL,Pomegranate,present in coffee brew,"{""2"":{""name"":""oxidative stress"",""benefit_exactly"":""The molecular mechanism responsible for these putative health effects is still unresolved."",""benefit_descriptive"":""Cafestol may reduce oxidative stress, contributing to lower risk of type 2 diabetes.""}}","[{""type"":""glucose"",""name"":""glucose tolerance"",""benefit"":""No specific lab changes mentioned."",""short_description"":null,""quantity"":null}]",2026-06-04 16:46:39.74+02,2026-06-04 21:03:30.941+02,Cafestol,5A11,http://id.who.int/icd/entity/119724091,Type 2 diabetes mellitus,Review
2212571,791,coffee,1,type 2 diabetes mellitus,3,ready,12,1,Health Effects of Coffee: Mechanism Unraveled?,https://pubmed.ncbi.nlm.nih.gov/32575704/,32575704,https://doi.org/10.3390/nu12061842,10.3390/nu12061842,https://www.ncbi.nlm.nih.gov/pmc/articles/PMC7353358/,PMC7353358,"Journal Article, Review",2,NULL,NULL,NULL,2,coffee and type 2 diabetes mellitus,NULL,Pomegranate,brewed,"{""2"":{""name"":""oxidative stress"",""benefit_exactly"":""The molecular mechanism responsible for these putative health effects is still unresolved."",""benefit_descriptive"":""Coffee consumption may reduce oxidative stress, contributing to lower risk of type 2 diabetes.""},""8"":{""name"":""inflammation"",""benefit_exactly"":""There may be a mild favorable anti-inflammatory response of the immune system to coffee consumption."",""benefit_descriptive"":""Coffee may have mild anti-inflammatory effects, potentially reducing the risk of type 2 diabetes.""}}","[{""type"":""glucose"",""name"":""glucose tolerance"",""benefit"":""Impairment of glucose tolerance is observed after consumption of caffeinated, but not decaffeinated coffee."",""short_description"":""Decaffeinated coffee does not impair glucose tolerance, suggesting other phytochemicals may have beneficial effects."",""quantity"":null}]",2026-06-04 16:46:39.74+02,2026-06-04 21:03:30.941+02,Coffea spp.,5A11,http://id.who.int/icd/entity/119724091,Type 2 diabetes mellitus,Review
2212571,791,coffee,13,non alcoholic fatty liver disease,1,ready,4,1,Health Effects of Coffee: Mechanism Unraveled?,https://pubmed.ncbi.nlm.nih.gov/32575704/,32575704,https://doi.org/10.3390/nu12061842,10.3390/nu12061842,https://www.ncbi.nlm.nih.gov/pmc/articles/PMC7353358/,PMC7353358,"Journal Article, Review",2,NULL,NULL,NULL,2,coffee and non alcoholic fatty liver disease,NULL,Pomegranate,brewed,"{""34"":{""name"":""lipid metabolism"",""benefit_exactly"":""Positive health outcomes include lower incidences of non-alcoholic fatty liver disease."",""benefit_descriptive"":""Coffee consumption may improve lipid metabolism, reducing the risk of non-alcoholic fatty liver disease.""}}","[{""type"":""lipid_panel"",""name"":""Lipid panel"",""benefit"":""No specific lab changes mentioned."",""short_description"":null,""quantity"":null}]",2026-06-04 16:46:39.74+02,2026-06-04 21:03:30.941+02,Coffea spp.,DB92,http://id.who.int/icd/entity/1912806631,Non-alcoholic fatty liver disease,Review
2212571,791,coffee,16,kidney stones,1,ready,4,1,Health Effects of Coffee: Mechanism Unraveled?,https://pubmed.ncbi.nlm.nih.gov/32575704/,32575704,https://doi.org/10.3390/nu12061842,10.3390/nu12061842,https://www.ncbi.nlm.nih.gov/pmc/articles/PMC7353358/,PMC7353358,"Journal Article, Review",2,NULL,NULL,NULL,2,coffee and kidney stones,NULL,Pomegranate,brewed,"{""37"":{""name"":""calcium oxalate crystallization"",""benefit_exactly"":""Positive health outcomes include lower incidences of kidney stones."",""benefit_descriptive"":""Coffee consumption may reduce calcium oxalate crystallization, lowering the risk of kidney stones.""}}","[{""type"":""calcium_phosphonazo"",""name"":""Calcium levels"",""benefit"":""No specific lab changes mentioned."",""short_description"":null,""quantity"":null}]",2026-06-04 16:46:39.74+02,2026-06-04 21:03:30.941+02,Coffea spp.,XA6KU8,http://id.who.int/icd/entity/720032908,Kidney,Review
2212572,0,chlorogenic acid,1,type 2 diabetes mellitus,32,ready,0,17,Protective Role of Dietary Polyphenols in the Management and Treatment of Type 2 Diabetes Mellitus.,https://pubmed.ncbi.nlm.nih.gov/39861406/,39861406,https://doi.org/10.3390/nu17020275,10.3390/nu17020275,https://www.ncbi.nlm.nih.gov/pmc/articles/PMC11767469/,PMC11767469,"Journal Article, Review",2,NULL,NULL,NULL,2,chlorogenic acid and type 2 diabetes mellitus,NULL,Pomegranate,extract,"{""1"":{""name"":""insulin resistance"",""benefit_exactly"":""enhance insulin sensitivity"",""benefit_descriptive"":""Improves insulin sensitivity, reducing insulin resistance.""},""2"":{""name"":""oxidative stress"",""benefit_exactly"":""scavenge reactive oxygen species"",""benefit_descriptive"":""Reduces oxidative stress by neutralizing reactive oxygen species.""}}","[{""type"":""glucose"",""name"":""blood glucose levels"",""benefit"":""lower hyperglycemia"",""short_description"":""Reduces elevated blood glucose levels."",""quantity"":null}]",2026-06-04 16:37:38.908+02,2026-06-04 21:03:30.941+02,3-Caffeoylquinic acid,5A11,http://id.who.int/icd/entity/119724091,Type 2 diabetes mellitus,Review
2212572,752,olive oil,1,type 2 diabetes mellitus,2,ready,4,1,Protective Role of Dietary Polyphenols in the Management and Treatment of Type 2 Diabetes Mellitus.,https://pubmed.ncbi.nlm.nih.gov/39861406/,39861406,https://doi.org/10.3390/nu17020275,10.3390/nu17020275,https://www.ncbi.nlm.nih.gov/pmc/articles/PMC11767469/,PMC11767469,"Journal Article, Review",2,NULL,NULL,NULL,2,olive oil and type 2 diabetes mellitus,NULL,Pomegranate,extract,"{""1"":{""name"":""insulin resistance"",""benefit_exactly"":""enhance insulin sensitivity"",""benefit_descriptive"":""Improves insulin sensitivity, reducing insulin resistance.""},""2"":{""name"":""oxidative stress"",""benefit_exactly"":""scavenge reactive oxygen species"",""benefit_descriptive"":""Reduces oxidative stress by neutralizing reactive oxygen species.""}}","[{""type"":""glucose"",""name"":""blood glucose levels"",""benefit"":""lower hyperglycemia"",""short_description"":""Reduces elevated blood glucose levels."",""quantity"":null}]",2026-06-04 16:37:38.908+02,2026-06-04 21:03:30.941+02,Olea europaea,5A11,http://id.who.int/icd/entity/119724091,Type 2 diabetes mellitus,Review
2212572,63,pomegranate,1,type 2 diabetes mellitus,19,ready,285,15,Protective Role of Dietary Polyphenols in the Management and Treatment of Type 2 Diabetes Mellitus.,https://pubmed.ncbi.nlm.nih.gov/39861406/,39861406,https://doi.org/10.3390/nu17020275,10.3390/nu17020275,https://www.ncbi.nlm.nih.gov/pmc/articles/PMC11767469/,PMC11767469,"Journal Article, Review",2,NULL,NULL,NULL,2,pomegranate and type 2 diabetes mellitus,NULL,Pomegranate,extract,"{""1"":{""name"":""insulin resistance"",""benefit_exactly"":""enhance insulin sensitivity"",""benefit_descriptive"":""Improves insulin sensitivity, reducing insulin resistance.""},""2"":{""name"":""oxidative stress"",""benefit_exactly"":""scavenge reactive oxygen species"",""benefit_descriptive"":""Reduces oxidative stress by neutralizing reactive oxygen species.""}}","[{""type"":""glucose"",""name"":""blood glucose levels"",""benefit"":""lower hyperglycemia"",""short_description"":""Reduces elevated blood glucose levels."",""quantity"":null}]",2026-06-04 16:37:38.908+02,2026-06-04 21:03:30.941+02,Punica granatum,5A11,http://id.who.int/icd/entity/119724091,Type 2 diabetes mellitus,Review
2212572,58,guava,1,type 2 diabetes mellitus,2,ready,8,1,Protective Role of Dietary Polyphenols in the Management and Treatment of Type 2 Diabetes Mellitus.,https://pubmed.ncbi.nlm.nih.gov/39861406/,39861406,https://doi.org/10.3390/nu17020275,10.3390/nu17020275,https://www.ncbi.nlm.nih.gov/pmc/articles/PMC11767469/,PMC11767469,"Journal Article, Review",2,NULL,NULL,NULL,2,guava and type 2 diabetes mellitus,NULL,Pomegranate,tea,"{""1"":{""name"":""insulin resistance"",""benefit_exactly"":""enhance insulin sensitivity"",""benefit_descriptive"":""Improves insulin sensitivity, reducing insulin resistance.""},""2"":{""name"":""oxidative stress"",""benefit_exactly"":""scavenge reactive oxygen species"",""benefit_descriptive"":""Reduces oxidative stress by neutralizing reactive oxygen species.""}}","[{""type"":""glucose"",""name"":""blood glucose levels"",""benefit"":""lower hyperglycemia"",""short_description"":""Reduces elevated blood glucose levels."",""quantity"":null}]",2026-06-04 16:37:38.908+02,2026-06-04 21:03:30.941+02,Psidium guajava,5A11,http://id.who.int/icd/entity/119724091,Type 2 diabetes mellitus,Review
2212572,457,anthocyanins,1,type 2 diabetes mellitus,3,ready,12,2,Protective Role of Dietary Polyphenols in the Management and Treatment of Type 2 Diabetes Mellitus.,https://pubmed.ncbi.nlm.nih.gov/39861406/,39861406,https://doi.org/10.3390/nu17020275,10.3390/nu17020275,https://www.ncbi.nlm.nih.gov/pmc/articles/PMC11767469/,PMC11767469,"Journal Article, Review",2,NULL,NULL,NULL,2,anthocyanins and type 2 diabetes mellitus,NULL,Pomegranate,extract,"{""1"":{""name"":""insulin resistance"",""benefit_exactly"":""enhance insulin sensitivity"",""benefit_descriptive"":""Improves insulin sensitivity, reducing insulin resistance.""},""2"":{""name"":""oxidative stress"",""benefit_exactly"":""scavenge reactive oxygen species"",""benefit_descriptive"":""Reduces oxidative stress by neutralizing reactive oxygen species.""}}","[{""type"":""glucose"",""name"":""blood glucose levels"",""benefit"":""lower hyperglycemia"",""short_description"":""Reduces elevated blood glucose levels."",""quantity"":null}]",2026-06-04 16:37:38.908+02,2026-06-04 21:03:30.941+02,"Cyanidin, Delphinidin, Malvidin, Pelargonidin, Petunidin, Peonidin",5A11,http://id.who.int/icd/entity/119724091,Type 2 diabetes mellitus,Review
2212572,497,chocolate,1,type 2 diabetes mellitus,2,ready,4,1,Protective Role of Dietary Polyphenols in the Management and Treatment of Type 2 Diabetes Mellitus.,https://pubmed.ncbi.nlm.nih.gov/39861406/,39861406,https://doi.org/10.3390/nu17020275,10.3390/nu17020275,https://www.ncbi.nlm.nih.gov/pmc/articles/PMC11767469/,PMC11767469,"Journal Article, Review",2,NULL,NULL,NULL,2,chocolate and type 2 diabetes mellitus,NULL,Pomegranate,extract,"{""1"":{""name"":""insulin resistance"",""benefit_exactly"":""enhance insulin sensitivity"",""benefit_descriptive"":""Improves insulin sensitivity, reducing insulin resistance.""},""2"":{""name"":""oxidative stress"",""benefit_exactly"":""scavenge reactive oxygen species"",""benefit_descriptive"":""Reduces oxidative stress by neutralizing reactive oxygen species.""}}","[{""type"":""glucose"",""name"":""blood glucose levels"",""benefit"":""lower hyperglycemia"",""short_description"":""Reduces elevated blood glucose levels."",""quantity"":null}]",2026-06-04 16:37:38.908+02,2026-06-04 21:03:30.941+02,Theobroma cacao,5A11,http://id.who.int/icd/entity/119724091,Type 2 diabetes mellitus,Review
2212572,563,kidney bean,1,type 2 diabetes mellitus,1,ready,4,1,Protective Role of Dietary Polyphenols in the Management and Treatment of Type 2 Diabetes Mellitus.,https://pubmed.ncbi.nlm.nih.gov/39861406/,39861406,https://doi.org/10.3390/nu17020275,10.3390/nu17020275,https://www.ncbi.nlm.nih.gov/pmc/articles/PMC11767469/,PMC11767469,"Journal Article, Review",2,NULL,NULL,NULL,2,kidney bean and type 2 diabetes mellitus,NULL,Pomegranate,extract,"{""1"":{""name"":""insulin resistance"",""benefit_exactly"":""enhance insulin sensitivity"",""benefit_descriptive"":""Improves insulin sensitivity, reducing insulin resistance.""},""2"":{""name"":""oxidative stress"",""benefit_exactly"":""scavenge reactive oxygen species"",""benefit_descriptive"":""Reduces oxidative stress by neutralizing reactive oxygen species.""}}","[{""type"":""glucose"",""name"":""blood glucose levels"",""benefit"":""lower hyperglycemia"",""short_description"":""Reduces elevated blood glucose levels."",""quantity"":null}]",2026-06-04 16:37:38.908+02,2026-06-04 21:03:30.941+02,Phaseolus vulgaris,5A11,http://id.who.int/icd/entity/119724091,Type 2 diabetes mellitus,Review
2212572,720,tea,1,type 2 diabetes mellitus,2,ready,8,1,Protective Role of Dietary Polyphenols in the Management and Treatment of Type 2 Diabetes Mellitus.,https://pubmed.ncbi.nlm.nih.gov/39861406/,39861406,https://doi.org/10.3390/nu17020275,10.3390/nu17020275,https://www.ncbi.nlm.nih.gov/pmc/articles/PMC11767469/,PMC11767469,"Journal Article, Review",2,NULL,NULL,NULL,2,tea and type 2 diabetes mellitus,NULL,Pomegranate,beverage,"{""1"":{""name"":""insulin resistance"",""benefit_exactly"":""enhance insulin sensitivity"",""benefit_descriptive"":""Improves insulin sensitivity, reducing insulin resistance.""},""2"":{""name"":""oxidative stress"",""benefit_exactly"":""scavenge reactive oxygen species"",""benefit_descriptive"":""Reduces oxidative stress by neutralizing reactive oxygen species.""}}","[{""type"":""glucose"",""name"":""blood glucose levels"",""benefit"":""lower hyperglycemia"",""short_description"":""Reduces elevated blood glucose levels."",""quantity"":null}]",2026-06-04 16:37:38.908+02,2026-06-04 21:03:30.941+02,Camellia sinensis,5A11,http://id.who.int/icd/entity/119724091,Type 2 diabetes mellitus,Review
2212572,724,cocoa,1,type 2 diabetes mellitus,1,ready,4,1,Protective Role of Dietary Polyphenols in the Management and Treatment of Type 2 Diabetes Mellitus.,https://pubmed.ncbi.nlm.nih.gov/39861406/,39861406,https://doi.org/10.3390/nu17020275,10.3390/nu17020275,https://www.ncbi.nlm.nih.gov/pmc/articles/PMC11767469/,PMC11767469,"Journal Article, Review",2,NULL,NULL,NULL,2,cocoa and type 2 diabetes mellitus,NULL,Pomegranate,extract,"{""1"":{""name"":""insulin resistance"",""benefit_exactly"":""enhance insulin sensitivity"",""benefit_descriptive"":""Improves insulin sensitivity, reducing insulin resistance.""},""2"":{""name"":""oxidative stress"",""benefit_exactly"":""scavenge reactive oxygen species"",""benefit_descriptive"":""Reduces oxidative stress by neutralizing reactive oxygen species.""}}","[{""type"":""glucose"",""name"":""blood glucose levels"",""benefit"":""lower hyperglycemia"",""short_description"":""Reduces elevated blood glucose levels."",""quantity"":null}]",2026-06-04 16:37:38.908+02,2026-06-04 21:03:30.941+02,Theobroma cacao,5A11,http://id.who.int/icd/entity/119724091,Type 2 diabetes mellitus,Review
2212572,782,vinegar,1,type 2 diabetes mellitus,1,ready,4,1,Protective Role of Dietary Polyphenols in the Management and Treatment of Type 2 Diabetes Mellitus.,https://pubmed.ncbi.nlm.nih.gov/39861406/,39861406,https://doi.org/10.3390/nu17020275,10.3390/nu17020275,https://www.ncbi.nlm.nih.gov/pmc/articles/PMC11767469/,PMC11767469,"Journal Article, Review",2,NULL,NULL,NULL,2,vinegar and type 2 diabetes mellitus,NULL,Pomegranate,extract,"{""1"":{""name"":""insulin resistance"",""benefit_exactly"":""enhance insulin sensitivity"",""benefit_descriptive"":""Improves insulin sensitivity, reducing insulin resistance.""},""2"":{""name"":""oxidative stress"",""benefit_exactly"":""scavenge reactive oxygen species"",""benefit_descriptive"":""Reduces oxidative stress by neutralizing reactive oxygen species.""}}","[{""type"":""glucose"",""name"":""blood glucose levels"",""benefit"":""lower hyperglycemia"",""short_description"":""Reduces elevated blood glucose levels."",""quantity"":null}]",2026-06-04 16:37:38.908+02,2026-06-04 21:03:30.941+02,Acetic acid,5A11,http://id.who.int/icd/entity/119724091,Type 2 diabetes mellitus,Review
2212572,791,coffee,1,type 2 diabetes mellitus,3,ready,12,2,Protective Role of Dietary Polyphenols in the Management and Treatment of Type 2 Diabetes Mellitus.,https://pubmed.ncbi.nlm.nih.gov/39861406/,39861406,https://doi.org/10.3390/nu17020275,10.3390/nu17020275,https://www.ncbi.nlm.nih.gov/pmc/articles/PMC11767469/,PMC11767469,"Journal Article, Review",2,NULL,NULL,NULL,2,coffee and type 2 diabetes mellitus,NULL,Pomegranate,beverage,"{""1"":{""name"":""insulin resistance"",""benefit_exactly"":""enhance insulin sensitivity"",""benefit_descriptive"":""Improves insulin sensitivity, reducing insulin resistance.""},""2"":{""name"":""oxidative stress"",""benefit_exactly"":""scavenge reactive oxygen species"",""benefit_descriptive"":""Reduces oxidative stress by neutralizing reactive oxygen species.""}}","[{""type"":""glucose"",""name"":""blood glucose levels"",""benefit"":""lower hyperglycemia"",""short_description"":""Reduces elevated blood glucose levels."",""quantity"":null}]",2026-06-04 16:37:38.908+02,2026-06-04 21:03:30.941+02,Coffea arabica,5A11,http://id.who.int/icd/entity/119724091,Type 2 diabetes mellitus,Review
2212573,63,pomegranate,3,hypertension,1,ready,4,1,Pomegranate juice: a heart-healthy fruit juice.,https://pubmed.ncbi.nlm.nih.gov/19146506/,19146506,https://doi.org/10.1111/j.1753-4887.2008.00133.x,10.1111/j.1753-4887.2008.00133.x,No PMC available,NULL,"Journal Article, Review",2,NULL,NULL,NULL,2,pomegranate and hypertension,NULL,Pomegranate,juice,"{""12"":{""name"":""angiotensin converting enzyme activity"",""benefit_exactly"":""Pomegranate juice decreased systolic blood pressure and serum angiotensin converting enzyme activity in hypertensive patients"",""benefit_descriptive"":""Pomegranate juice reduced systolic blood pressure and angiotensin converting enzyme activity in hypertensive patients.""}}","[{""type"":""alt_gpt"",""name"":""systolic blood pressure"",""benefit"":""Pomegranate juice decreased systolic blood pressure and serum angiotensin converting enzyme activity in hypertensive patients"",""short_description"":""Pomegranate juice reduced systolic blood pressure in hypertensive patients."",""quantity"":null},{""type"":""alt_gpt"",""name"":""serum angiotensin converting enzyme activity"",""benefit"":""Pomegranate juice decreased systolic blood pressure and serum angiotensin converting enzyme activity in hypertensive patients"",""short_description"":""Pomegranate juice reduced serum angiotensin converting enzyme activity in hypertensive patients."",""quantity"":null}]",2026-06-04 18:11:05.684+02,2026-06-04 21:03:30.941+02,Punica granatum,BA00,http://id.who.int/icd/entity/761947693,Essential hypertension,Review
2212573,63,pomegranate,1,type 2 diabetes mellitus,19,ready,285,16,Pomegranate juice: a heart-healthy fruit juice.,https://pubmed.ncbi.nlm.nih.gov/19146506/,19146506,https://doi.org/10.1111/j.1753-4887.2008.00133.x,10.1111/j.1753-4887.2008.00133.x,No PMC available,NULL,"Journal Article, Review",2,NULL,NULL,NULL,2,pomegranate and type 2 diabetes mellitus,NULL,Pomegranate,juice,"{""2"":{""name"":""oxidative stress"",""benefit_exactly"":""Pomegranate juice decreased lipid peroxidation in patients with type 2 diabetes"",""benefit_descriptive"":""Pomegranate juice reduced lipid peroxidation in type 2 diabetes patients, indicating antioxidant effects.""}}","[{""type"":""lipid_panel"",""name"":""lipid peroxidation"",""benefit"":""Pomegranate juice decreased lipid peroxidation in patients with type 2 diabetes"",""short_description"":""Pomegranate juice reduced lipid peroxidation in type 2 diabetes patients."",""quantity"":null}]",2026-06-04 18:11:05.684+02,2026-06-04 21:03:30.941+02,Punica granatum,5A11,http://id.who.int/icd/entity/119724091,Type 2 diabetes mellitus,Review
2212573,63,pomegranate,2,atherosclerosis,2,ready,8,2,Pomegranate juice: a heart-healthy fruit juice.,https://pubmed.ncbi.nlm.nih.gov/19146506/,19146506,https://doi.org/10.1111/j.1753-4887.2008.00133.x,10.1111/j.1753-4887.2008.00133.x,No PMC available,NULL,"Journal Article, Review",2,NULL,NULL,NULL,2,pomegranate and atherosclerosis,NULL,Pomegranate,juice,"{""11"":{""name"":""oxidative stress"",""benefit_exactly"":""Pomegranate juice significantly reduced atherosclerotic lesion areas in immune-deficient mice"",""benefit_descriptive"":""Pomegranate juice reduced atherosclerotic lesion areas in mice, suggesting antioxidant effects.""}}","[{""type"":""alt_gpt"",""name"":""intima media thickness"",""benefit"":""Pomegranate juice significantly reduced intima media thickness in cardiac patients on medications"",""short_description"":""Pomegranate juice reduced intima media thickness in cardiac patients."",""quantity"":null}]",2026-06-04 18:11:05.684+02,2026-06-04 21:03:30.941+02,Punica granatum,8B11.0,http://id.who.int/icd/entity/1070137396,Cerebral ischaemic stroke due to extracranial large artery atherosclerosis,Review
2212574,535,buckwheat,1,type 2 diabetes mellitus,1,ready,4,1,New Insights into the Efficacy of Aspalathin and Other Related Phytochemicals in Type 2 Diabetes-A Review.,https://pubmed.ncbi.nlm.nih.gov/35008779/,35008779,https://doi.org/10.3390/ijms23010356,10.3390/ijms23010356,https://www.ncbi.nlm.nih.gov/pmc/articles/PMC8745648/,PMC8745648,"Journal Article, Review",2,0,NULL,NULL,2,buckwheat and type 2 diabetes mellitus,NULL,Pomegranate,seed hull,"{""1"":{""name"":""insulin resistance"",""benefit_exactly"":""The review covered the role of these compounds in attenuating insulin resistance and enhancing glucose metabolism"",""benefit_descriptive"":""Buckwheat and its compounds help reduce insulin resistance and improve glucose metabolism.""},""2"":{""name"":""oxidative stress"",""benefit_exactly"":""alleviating gut dysbiosis and associated oxidative stress and inflammation"",""benefit_descriptive"":""These compounds alleviate oxidative stress associated with type 2 diabetes.""},""8"":{""name"":""inflammation"",""benefit_exactly"":""alleviating gut dysbiosis and associated oxidative stress and inflammation"",""benefit_descriptive"":""These compounds help reduce inflammation linked to type 2 diabetes.""},""44"":{""name"":""hyperuricemia"",""benefit_exactly"":""alleviating gut dysbiosis and associated oxidative stress and inflammation, and hyperuricemia associated with T2D"",""benefit_descriptive"":""These compounds may help manage hyperuricemia in type 2 diabetes.""}}","[{""type"":""glucose"",""name"":""glucose metabolism"",""benefit"":""enhancing glucose metabolism"",""short_description"":""Improved glucose metabolism is observed with these compounds."",""quantity"":null},{""type"":""uric_acid"",""name"":""uric acid levels"",""benefit"":""reducing hyperuricemia"",""short_description"":""Reduction in uric acid levels is noted."",""quantity"":null}]",2026-06-04 18:32:17.958+02,2026-06-04 21:03:30.941+02,Fagopyrum esculentum,5A11,http://id.who.int/icd/entity/119724091,Type 2 diabetes mellitus,Review
2212574,0,açaí,1,type 2 diabetes mellitus,32,ready,0,26,New Insights into the Efficacy of Aspalathin and Other Related Phytochemicals in Type 2 Diabetes-A Review.,https://pubmed.ncbi.nlm.nih.gov/35008779/,35008779,https://doi.org/10.3390/ijms23010356,10.3390/ijms23010356,https://www.ncbi.nlm.nih.gov/pmc/articles/PMC8745648/,PMC8745648,"Journal Article, Review",2,0,NULL,NULL,2,açaí and type 2 diabetes mellitus,NULL,Pomegranate,juice,"{""1"":{""name"":""insulin resistance"",""benefit_exactly"":""The review covered the role of these compounds in attenuating insulin resistance and enhancing glucose metabolism"",""benefit_descriptive"":""Açaí and its compounds help reduce insulin resistance and improve glucose metabolism.""},""2"":{""name"":""oxidative stress"",""benefit_exactly"":""alleviating gut dysbiosis and associated oxidative stress and inflammation"",""benefit_descriptive"":""These compounds alleviate oxidative stress associated with type 2 diabetes.""},""8"":{""name"":""inflammation"",""benefit_exactly"":""alleviating gut dysbiosis and associated oxidative stress and inflammation"",""benefit_descriptive"":""These compounds help reduce inflammation linked to type 2 diabetes.""},""44"":{""name"":""hyperuricemia"",""benefit_exactly"":""alleviating gut dysbiosis and associated oxidative stress and inflammation, and hyperuricemia associated with T2D"",""benefit_descriptive"":""These compounds may help manage hyperuricemia in type 2 diabetes.""}}","[{""type"":""glucose"",""name"":""glucose metabolism"",""benefit"":""enhancing glucose metabolism"",""short_description"":""Improved glucose metabolism is observed with these compounds."",""quantity"":null},{""type"":""uric_acid"",""name"":""uric acid levels"",""benefit"":""reducing hyperuricemia"",""short_description"":""Reduction in uric acid levels is noted."",""quantity"":null}]",2026-06-04 18:32:17.958+02,2026-06-04 21:03:30.941+02,Euterpe oleracea,5A11,http://id.who.int/icd/entity/119724091,Type 2 diabetes mellitus,Review
2212574,24,apple,1,type 2 diabetes mellitus,3,ready,12,3,New Insights into the Efficacy of Aspalathin and Other Related Phytochemicals in Type 2 Diabetes-A Review.,https://pubmed.ncbi.nlm.nih.gov/35008779/,35008779,https://doi.org/10.3390/ijms23010356,10.3390/ijms23010356,https://www.ncbi.nlm.nih.gov/pmc/articles/PMC8745648/,PMC8745648,"Journal Article, Review",2,0,NULL,NULL,2,apple and type 2 diabetes mellitus,NULL,Pomegranate,fruit or juice,"{""1"":{""name"":""insulin resistance"",""benefit_exactly"":""The review covered the role of these compounds in attenuating insulin resistance and enhancing glucose metabolism"",""benefit_descriptive"":""Apple and its compounds help reduce insulin resistance and improve glucose metabolism.""},""2"":{""name"":""oxidative stress"",""benefit_exactly"":""alleviating gut dysbiosis and associated oxidative stress and inflammation"",""benefit_descriptive"":""These compounds alleviate oxidative stress associated with type 2 diabetes.""},""8"":{""name"":""inflammation"",""benefit_exactly"":""alleviating gut dysbiosis and associated oxidative stress and inflammation"",""benefit_descriptive"":""These compounds help reduce inflammation linked to type 2 diabetes.""},""44"":{""name"":""hyperuricemia"",""benefit_exactly"":""alleviating gut dysbiosis and associated oxidative stress and inflammation, and hyperuricemia associated with T2D"",""benefit_descriptive"":""These compounds may help manage hyperuricemia in type 2 diabetes.""}}","[{""type"":""glucose"",""name"":""glucose metabolism"",""benefit"":""enhancing glucose metabolism"",""short_description"":""Improved glucose metabolism is observed with these compounds."",""quantity"":null},{""type"":""uric_acid"",""name"":""uric acid levels"",""benefit"":""reducing hyperuricemia"",""short_description"":""Reduction in uric acid levels is noted."",""quantity"":null}]",2026-06-04 18:32:17.958+02,2026-06-04 21:03:30.941+02,Malus domestica,5A11,http://id.who.int/icd/entity/119724091,Type 2 diabetes mellitus,Review
2212574,48,passion fruit,1,type 2 diabetes mellitus,1,ready,4,1,New Insights into the Efficacy of Aspalathin and Other Related Phytochemicals in Type 2 Diabetes-A Review.,https://pubmed.ncbi.nlm.nih.gov/35008779/,35008779,https://doi.org/10.3390/ijms23010356,10.3390/ijms23010356,https://www.ncbi.nlm.nih.gov/pmc/articles/PMC8745648/,PMC8745648,"Journal Article, Review",2,0,NULL,NULL,2,passion fruit and type 2 diabetes mellitus,NULL,Pomegranate,fruit pulp,"{""1"":{""name"":""insulin resistance"",""benefit_exactly"":""The review covered the role of these compounds in attenuating insulin resistance and enhancing glucose metabolism"",""benefit_descriptive"":""Passion fruit and its compounds help reduce insulin resistance and improve glucose metabolism.""},""2"":{""name"":""oxidative stress"",""benefit_exactly"":""alleviating gut dysbiosis and associated oxidative stress and inflammation"",""benefit_descriptive"":""These compounds alleviate oxidative stress associated with type 2 diabetes.""},""8"":{""name"":""inflammation"",""benefit_exactly"":""alleviating gut dysbiosis and associated oxidative stress and inflammation"",""benefit_descriptive"":""These compounds help reduce inflammation linked to type 2 diabetes.""},""44"":{""name"":""hyperuricemia"",""benefit_exactly"":""alleviating gut dysbiosis and associated oxidative stress and inflammation, and hyperuricemia associated with T2D"",""benefit_descriptive"":""These compounds may help manage hyperuricemia in type 2 diabetes.""}}","[{""type"":""glucose"",""name"":""glucose metabolism"",""benefit"":""enhancing glucose metabolism"",""short_description"":""Improved glucose metabolism is observed with these compounds."",""quantity"":null},{""type"":""uric_acid"",""name"":""uric acid levels"",""benefit"":""reducing hyperuricemia"",""short_description"":""Reduction in uric acid levels is noted."",""quantity"":null}]",2026-06-04 18:32:17.958+02,2026-06-04 21:03:30.941+02,Passiflora edulis,5A11,http://id.who.int/icd/entity/119724091,Type 2 diabetes mellitus,Review
2212574,58,guava,1,type 2 diabetes mellitus,2,ready,8,2,New Insights into the Efficacy of Aspalathin and Other Related Phytochemicals in Type 2 Diabetes-A Review.,https://pubmed.ncbi.nlm.nih.gov/35008779/,35008779,https://doi.org/10.3390/ijms23010356,10.3390/ijms23010356,https://www.ncbi.nlm.nih.gov/pmc/articles/PMC8745648/,PMC8745648,"Journal Article, Review",2,0,NULL,NULL,2,guava and type 2 diabetes mellitus,NULL,Pomegranate,fruit,"{""1"":{""name"":""insulin resistance"",""benefit_exactly"":""The review covered the role of these compounds in attenuating insulin resistance and enhancing glucose metabolism"",""benefit_descriptive"":""Guava and its compounds help reduce insulin resistance and improve glucose metabolism.""},""2"":{""name"":""oxidative stress"",""benefit_exactly"":""alleviating gut dysbiosis and associated oxidative stress and inflammation"",""benefit_descriptive"":""These compounds alleviate oxidative stress associated with type 2 diabetes.""},""8"":{""name"":""inflammation"",""benefit_exactly"":""alleviating gut dysbiosis and associated oxidative stress and inflammation"",""benefit_descriptive"":""These compounds help reduce inflammation linked to type 2 diabetes.""},""44"":{""name"":""hyperuricemia"",""benefit_exactly"":""alleviating gut dysbiosis and associated oxidative stress and inflammation, and hyperuricemia associated with T2D"",""benefit_descriptive"":""These compounds may help manage hyperuricemia in type 2 diabetes.""}}","[{""type"":""glucose"",""name"":""glucose metabolism"",""benefit"":""enhancing glucose metabolism"",""short_description"":""Improved glucose metabolism is observed with these compounds."",""quantity"":null},{""type"":""uric_acid"",""name"":""uric acid levels"",""benefit"":""reducing hyperuricemia"",""short_description"":""Reduction in uric acid levels is noted."",""quantity"":null}]",2026-06-04 18:32:17.958+02,2026-06-04 21:03:30.941+02,Psidium guajava,5A11,http://id.who.int/icd/entity/119724091,Type 2 diabetes mellitus,Review
2212574,558,mung bean,1,type 2 diabetes mellitus,1,ready,4,1,New Insights into the Efficacy of Aspalathin and Other Related Phytochemicals in Type 2 Diabetes-A Review.,https://pubmed.ncbi.nlm.nih.gov/35008779/,35008779,https://doi.org/10.3390/ijms23010356,10.3390/ijms23010356,https://www.ncbi.nlm.nih.gov/pmc/articles/PMC8745648/,PMC8745648,"Journal Article, Review",2,0,NULL,NULL,2,mung bean and type 2 diabetes mellitus,NULL,Pomegranate,soup,"{""1"":{""name"":""insulin resistance"",""benefit_exactly"":""The review covered the role of these compounds in attenuating insulin resistance and enhancing glucose metabolism"",""benefit_descriptive"":""Mung bean and its compounds help reduce insulin resistance and improve glucose metabolism.""},""2"":{""name"":""oxidative stress"",""benefit_exactly"":""alleviating gut dysbiosis and associated oxidative stress and inflammation"",""benefit_descriptive"":""These compounds alleviate oxidative stress associated with type 2 diabetes.""},""8"":{""name"":""inflammation"",""benefit_exactly"":""alleviating gut dysbiosis and associated oxidative stress and inflammation"",""benefit_descriptive"":""These compounds help reduce inflammation linked to type 2 diabetes.""},""44"":{""name"":""hyperuricemia"",""benefit_exactly"":""alleviating gut dysbiosis and associated oxidative stress and inflammation, and hyperuricemia associated with T2D"",""benefit_descriptive"":""These compounds may help manage hyperuricemia in type 2 diabetes.""}}","[{""type"":""glucose"",""name"":""glucose metabolism"",""benefit"":""enhancing glucose metabolism"",""short_description"":""Improved glucose metabolism is observed with these compounds."",""quantity"":null},{""type"":""uric_acid"",""name"":""uric acid levels"",""benefit"":""reducing hyperuricemia"",""short_description"":""Reduction in uric acid levels is noted."",""quantity"":null}]",2026-06-04 18:32:17.958+02,2026-06-04 21:03:30.941+02,Vigna radiata,5A11,http://id.who.int/icd/entity/119724091,Type 2 diabetes mellitus,Review
2212575,0,glibenclamide,1,type 2 diabetes mellitus,32,ready,0,8,"The effect of pomegranate fresh juice versus pomegranate seed powder on metabolic indices, lipid profile, inflammatory biomarkers, and the histopathology of pancreatic islets of Langerhans in streptozotocin-nicotinamide induced type 2 diabetic Sprague-Dawley rats.",https://pubmed.ncbi.nlm.nih.gov/28288617/,28288617,https://doi.org/10.1186/s12906-017-1667-6,10.1186/s12906-017-1667-6,https://www.ncbi.nlm.nih.gov/pmc/articles/PMC5348881/,PMC5348881,Journal Article,4,NULL,"Clinical Trial, Comparative Study",4,4,glibenclamide and type 2 diabetes mellitus,NULL,Pomegranate,aqueous suspension,"{""18"":{""name"":""hyperglycemia"",""benefit_exactly"":null,""benefit_descriptive"":""Glibenclamide is a standard antidiabetic drug used to lower blood glucose levels.""}}","[{""type"":""glucose"",""name"":""fasting blood sugar"",""benefit"":null,""short_description"":""Glibenclamide is used to reduce fasting blood sugar levels in diabetic rats."",""quantity"":null}]",2026-06-04 17:06:58.02+02,2026-06-04 21:03:30.941+02,,5A11,http://id.who.int/icd/entity/119724091,Type 2 diabetes mellitus,Controlled Clinical Trial
2212575,63,pomegranate,1,type 2 diabetes mellitus,19,ready,285,10,"The effect of pomegranate fresh juice versus pomegranate seed powder on metabolic indices, lipid profile, inflammatory biomarkers, and the histopathology of pancreatic islets of Langerhans in streptozotocin-nicotinamide induced type 2 diabetic Sprague-Dawley rats.",https://pubmed.ncbi.nlm.nih.gov/28288617/,28288617,https://doi.org/10.1186/s12906-017-1667-6,10.1186/s12906-017-1667-6,https://www.ncbi.nlm.nih.gov/pmc/articles/PMC5348881/,PMC5348881,Journal Article,4,NULL,"Clinical Trial, Comparative Study",4,4,pomegranate and type 2 diabetes mellitus,NULL,Pomegranate,fresh juice,"{""2"":{""name"":""oxidative stress"",""benefit_exactly"":""anti-oxidants play potential role for diabetes treatment"",""benefit_descriptive"":""Pomegranate juice may reduce oxidative stress, which is a key factor in diabetes progression.""},""8"":{""name"":""inflammation"",""benefit_exactly"":""anti-inflammatory"",""benefit_descriptive"":""Pomegranate juice has anti-inflammatory properties that may help manage diabetes-related inflammation.""},""18"":{""name"":""hyperglycemia"",""benefit_exactly"":""polyphenols may augment glucose uptake by periphery tissues which would decrease glycaemia"",""benefit_descriptive"":""Pomegranate juice may help lower blood glucose levels by enhancing glucose uptake in peripheral tissues.""}}","[{""type"":""glucose"",""name"":""fasting blood sugar"",""benefit"":""decreased glycaemia"",""short_description"":""Pomegranate juice may reduce fasting blood sugar levels."",""quantity"":null},{""type"":""lipid_panel"",""name"":""lipid profile"",""benefit"":""anti-hyperlipidemic effects"",""short_description"":""Pomegranate juice may improve lipid profile in diabetic rats."",""quantity"":null},{""type"":""c_reactive_protein"",""name"":""inflammatory biomarkers"",""benefit"":""anti-inflammatory"",""short_description"":""Pomegranate juice may reduce inflammatory biomarkers like IL-6, TNF-α, and NF-κB."",""quantity"":null}]",2026-06-04 17:06:58.02+02,2026-06-04 21:03:30.941+02,Punica granatum,5A11,http://id.who.int/icd/entity/119724091,Type 2 diabetes mellitus,Controlled Clinical Trial
2212576,0,punicalagin,1,type 2 diabetes mellitus,32,ready,0,4,Effects of pomegranate aril juice and its punicalagin on some key regulators of insulin resistance and oxidative liver injury in streptozotocin-nicotinamide type 2 diabetic rats.,https://pubmed.ncbi.nlm.nih.gov/31006095/,31006095,https://doi.org/10.1007/s11033-019-04813-8,10.1007/s11033-019-04813-8,No PMC available,NULL,Journal Article,4,NULL,"Clinical Trial, Comparative Study",4,4,punicalagin and type 2 diabetes mellitus,Pomegranate,NULL,pure compound,"{""1"":{""name"":""insulin resistance"",""benefit_exactly"":""Although the low dose of PCG induced some modulation in STZ-NA diabetic rats, the high dose of PCG did not show any valuable antidiabetic activity, but induced many side effects."",""benefit_descriptive"":""Low dose of PCG showed some modulation in diabetic rats, but high dose was ineffective and caused side effects.""}}","[{""type"":""glucose"",""name"":""serum glucose"",""benefit"":""PAJ (especially at the high dose) alleviated significantly (P < 0.05-0.001) most signs of type 2 diabetes including body-weight loss, insulin resistance (IR) and hyperglycemia through decreasing serum tumor necrosis factor-α concentration and the expression of hepatic c-Jun N-terminal kinase, and increasing the skeletal muscle weight and the expression of hepatic insulin receptor substrate-1 in STZ-NA diabetic rats."",""short_description"":""PAJ significantly reduced hyperglycemia in diabetic rats."",""quantity"":null},{""type"":""c_reactive_protein"",""name"":""serum tumor necrosis factor-α"",""benefit"":""PAJ (especially at the high dose) alleviated significantly (P < 0.05-0.001) most signs of type 2 diabetes including body-weight loss, insulin resistance (IR) and hyperglycemia through decreasing serum tumor necrosis factor-α concentration and the expression of hepatic c-Jun N-terminal kinase, and increasing the skeletal muscle weight and the expression of hepatic insulin receptor substrate-1 in STZ-NA diabetic rats."",""short_description"":""PAJ significantly decreased serum tumor necrosis factor-α levels."",""quantity"":null},{""type"":""lipid_panel"",""name"":""hepatic lipid peroxidation"",""benefit"":""PAJ decreased significantly (P < 0.001) the oxidative liver injury in STZ-NA diabetic rats through decreasing the hepatic lipid peroxidation and nitric oxide production, and improving the hepatic antioxidant defense system."",""short_description"":""PAJ significantly reduced hepatic lipid peroxidation."",""quantity"":null},{""type"":""lipid_panel"",""name"":""hepatic nitric oxide production"",""benefit"":""PAJ decreased significantly (P < 0.001) the oxidative liver injury in STZ-NA diabetic rats through decreasing the hepatic lipid peroxidation and nitric oxide production, and improving the hepatic antioxidant defense system."",""short_description"":""PAJ significantly reduced hepatic nitric oxide production."",""quantity"":null}]",2026-06-04 16:43:10.654+02,2026-06-04 21:03:30.941+02,Punicalagin,5A11,http://id.who.int/icd/entity/119724091,Type 2 diabetes mellitus,Clinical Trial
2212576,63,pomegranate,1,type 2 diabetes mellitus,19,ready,285,11,Effects of pomegranate aril juice and its punicalagin on some key regulators of insulin resistance and oxidative liver injury in streptozotocin-nicotinamide type 2 diabetic rats.,https://pubmed.ncbi.nlm.nih.gov/31006095/,31006095,https://doi.org/10.1007/s11033-019-04813-8,10.1007/s11033-019-04813-8,No PMC available,NULL,Journal Article,4,NULL,"Clinical Trial, Comparative Study",4,4,pomegranate and type 2 diabetes mellitus,Pomegranate,NULL,aril juice,"{""1"":{""name"":""insulin resistance"",""benefit_exactly"":""PAJ (especially at the high dose) alleviated significantly (P < 0.05-0.001) most signs of type 2 diabetes including body-weight loss, insulin resistance (IR) and hyperglycemia through decreasing serum tumor necrosis factor-α concentration and the expression of hepatic c-Jun N-terminal kinase, and increasing the skeletal muscle weight and the expression of hepatic insulin receptor substrate-1 in STZ-NA diabetic rats."",""benefit_descriptive"":""PAJ reduced insulin resistance by decreasing TNF-α and c-Jun N-terminal kinase expression while increasing skeletal muscle weight and insulin receptor substrate-1 expression.""},""2"":{""name"":""oxidative stress"",""benefit_exactly"":""PAJ decreased significantly (P < 0.001) the oxidative liver injury in STZ-NA diabetic rats through decreasing the hepatic lipid peroxidation and nitric oxide production, and improving the hepatic antioxidant defense system."",""benefit_descriptive"":""PAJ reduced oxidative stress by decreasing lipid peroxidation and nitric oxide production while improving antioxidant defenses.""}}","[{""type"":""glucose"",""name"":""serum glucose"",""benefit"":""PAJ (especially at the high dose) alleviated significantly (P < 0.05-0.001) most signs of type 2 diabetes including body-weight loss, insulin resistance (IR) and hyperglycemia"",""short_description"":""PAJ significantly reduced hyperglycemia in diabetic rats."",""quantity"":null},{""type"":""lipid_panel"",""name"":""hepatic lipid peroxidation"",""benefit"":""PAJ decreased significantly (P < 0.001) the oxidative liver injury in STZ-NA diabetic rats through decreasing the hepatic lipid peroxidation"",""short_description"":""PAJ significantly decreased hepatic lipid peroxidation."",""quantity"":null},{""type"":""lipid_panel"",""name"":""hepatic nitric oxide production"",""benefit"":""PAJ decreased significantly (P < 0.001) the oxidative liver injury in STZ-NA diabetic rats through decreasing the hepatic lipid peroxidation and nitric oxide production"",""short_description"":""PAJ significantly decreased hepatic nitric oxide production."",""quantity"":null}]",2026-06-04 16:43:10.654+02,2026-06-04 21:03:30.941+02,Punica granatum,5A11,http://id.who.int/icd/entity/119724091,Type 2 diabetes mellitus,Clinical Trial
2212577,0,other vegetables,5,cardiovascular disease,32,ready,0,27,"Higher intakes of nutrients are linked with a lower risk of cardiovascular diseases, type 2 diabetes mellitus, arthritis, and depression among Korean adults.",https://pubmed.ncbi.nlm.nih.gov/35114428/,35114428,https://doi.org/10.1016/j.nutres.2021.11.003,10.1016/j.nutres.2021.11.003,https://www.ncbi.nlm.nih.gov/pmc/articles/PMC8802568/,PMC8802568,Journal Article,3,0,"Observational Study, Comparative Study",3,0,other vegetables and cardiovascular disease,NULL,Pomegranate,dietary intake,"{""24"":{""name"":""nutrient deficiency"",""benefit_exactly"":null,""benefit_descriptive"":null}}","[{""type"":""alt_gpt"",""name"":""dietary intake"",""benefit"":null,""short_description"":null,""quantity"":null}]",2026-06-04 16:46:39.74+02,2026-06-04 21:03:30.941+02,,,http://id.who.int/icd/entity/2079332103,Circulatory system,Observational Study
2212577,471,vitamin d,5,cardiovascular disease,1,ready,0,1,"Higher intakes of nutrients are linked with a lower risk of cardiovascular diseases, type 2 diabetes mellitus, arthritis, and depression among Korean adults.",https://pubmed.ncbi.nlm.nih.gov/35114428/,35114428,https://doi.org/10.1016/j.nutres.2021.11.003,10.1016/j.nutres.2021.11.003,https://www.ncbi.nlm.nih.gov/pmc/articles/PMC8802568/,PMC8802568,Journal Article,3,0,"Observational Study, Comparative Study",3,0,vitamin d and cardiovascular disease,NULL,Pomegranate,dietary intake,"{""29"":{""name"":""vitamin D deficiency"",""benefit_exactly"":null,""benefit_descriptive"":null}}","[{""type"":""alt_gpt"",""name"":""serum 25-hydroxyvitamin D levels"",""benefit"":null,""short_description"":null,""quantity"":""75 nmol/L or higher indicates vitamin D sufficiency""}]",2026-06-04 16:46:39.74+02,2026-06-04 21:03:30.941+02,Cholecalciferol,,http://id.who.int/icd/entity/2079332103,Circulatory system,Observational Study
2212577,0,vitamin b1,6,depression,32,ready,0,27,"Higher intakes of nutrients are linked with a lower risk of cardiovascular diseases, type 2 diabetes mellitus, arthritis, and depression among Korean adults.",https://pubmed.ncbi.nlm.nih.gov/35114428/,35114428,https://doi.org/10.1016/j.nutres.2021.11.003,10.1016/j.nutres.2021.11.003,https://www.ncbi.nlm.nih.gov/pmc/articles/PMC8802568/,PMC8802568,Journal Article,3,0,"Observational Study, Comparative Study",3,3,vitamin b1 and depression,NULL,Pomegranate,dietary intake,"{""26"":{""name"":""nutrient deficiency"",""benefit_exactly"":""Our recent study also showed thiamine intake was associated with lower risks of NCDs (e.g., hypertension, myocardial infarction or angina, T2DM, depression, dyslipidemia)."",""benefit_descriptive"":""Higher thiamine intake is associated with reduced risk of depression.""}}","[{""type"":""alt_gpt"",""name"":""serum thiamine levels"",""benefit"":null,""short_description"":null,""quantity"":null}]",2026-06-04 16:46:39.74+02,2026-06-04 21:03:30.941+02,Thiamine,KD30,http://id.who.int/icd/entity/2077227161,Birth depression,Observational Study
2212577,0,vitamin b1,7,dyslipidemia,32,ready,0,27,"Higher intakes of nutrients are linked with a lower risk of cardiovascular diseases, type 2 diabetes mellitus, arthritis, and depression among Korean adults.",https://pubmed.ncbi.nlm.nih.gov/35114428/,35114428,https://doi.org/10.1016/j.nutres.2021.11.003,10.1016/j.nutres.2021.11.003,https://www.ncbi.nlm.nih.gov/pmc/articles/PMC8802568/,PMC8802568,Journal Article,3,0,"Observational Study, Comparative Study",3,3,vitamin b1 and dyslipidemia,NULL,Pomegranate,dietary intake,"{""27"":{""name"":""nutrient deficiency"",""benefit_exactly"":""Our recent study also showed thiamine intake was associated with lower risks of NCDs (e.g., hypertension, myocardial infarction or angina, T2DM, depression, dyslipidemia)."",""benefit_descriptive"":""Higher thiamine intake is associated with reduced risk of dyslipidemia.""}}","[{""type"":""alt_gpt"",""name"":""lipid panel"",""benefit"":null,""short_description"":null,""quantity"":null}]",2026-06-04 16:46:39.74+02,2026-06-04 21:03:30.941+02,Thiamine,BlockL2-5C8,http://id.who.int/icd/entity/1191191920,Disorders of lipoprotein metabolism or certain specified lipidaemias,Observational Study
2212577,0,n-3 polyunsaturated fatty acids,8,arthritis,32,ready,0,27,"Higher intakes of nutrients are linked with a lower risk of cardiovascular diseases, type 2 diabetes mellitus, arthritis, and depression among Korean adults.",https://pubmed.ncbi.nlm.nih.gov/35114428/,35114428,https://doi.org/10.1016/j.nutres.2021.11.003,10.1016/j.nutres.2021.11.003,https://www.ncbi.nlm.nih.gov/pmc/articles/PMC8802568/,PMC8802568,Journal Article,3,0,"Observational Study, Comparative Study",3,3,n-3 polyunsaturated fatty acids and arthritis,NULL,Pomegranate,dietary intake,"{""28"":{""name"":""inflammation"",""benefit_exactly"":""some studies, for example, have shown that n-3 polyunsaturated fatty acids have beneficial effects on arthritis"",""benefit_descriptive"":""n-3 polyunsaturated fatty acids have beneficial effects on arthritis.""}}","[{""type"":""alt_gpt"",""name"":""C-reactive protein"",""benefit"":null,""short_description"":null,""quantity"":null}]",2026-06-04 16:46:39.74+02,2026-06-04 21:03:30.941+02,Omega-3 fatty acids,1B40.0,http://id.who.int/icd/entity/1097470385,"Rheumatic arthritis, acute or subacute",Observational Study
2212577,0,vitamin b1,1,type 2 diabetes mellitus,32,ready,0,27,"Higher intakes of nutrients are linked with a lower risk of cardiovascular diseases, type 2 diabetes mellitus, arthritis, and depression among Korean adults.",https://pubmed.ncbi.nlm.nih.gov/35114428/,35114428,https://doi.org/10.1016/j.nutres.2021.11.003,10.1016/j.nutres.2021.11.003,https://www.ncbi.nlm.nih.gov/pmc/articles/PMC8802568/,PMC8802568,Journal Article,3,0,"Observational Study, Comparative Study",3,3,vitamin b1 and type 2 diabetes mellitus,NULL,Pomegranate,dietary intake,"{""25"":{""name"":""nutrient deficiency"",""benefit_exactly"":""Our recent study also showed thiamine intake was associated with lower risks of NCDs (e.g., hypertension, myocardial infarction or angina, T2DM, depression, dyslipidemia)."",""benefit_descriptive"":""Higher thiamine intake is associated with reduced risk of type 2 diabetes mellitus.""}}","[{""type"":""alt_gpt"",""name"":""glycated hemoglobin"",""benefit"":null,""short_description"":null,""quantity"":null}]",2026-06-04 16:46:39.74+02,2026-06-04 21:03:30.941+02,Thiamine,5A11,http://id.who.int/icd/entity/119724091,Type 2 diabetes mellitus,Observational Study
2212577,775,fruits,5,cardiovascular disease,2,ready,16,2,"Higher intakes of nutrients are linked with a lower risk of cardiovascular diseases, type 2 diabetes mellitus, arthritis, and depression among Korean adults.",https://pubmed.ncbi.nlm.nih.gov/35114428/,35114428,https://doi.org/10.1016/j.nutres.2021.11.003,10.1016/j.nutres.2021.11.003,https://www.ncbi.nlm.nih.gov/pmc/articles/PMC8802568/,PMC8802568,Journal Article,3,0,"Observational Study, Comparative Study",3,0,fruits and cardiovascular disease,NULL,Pomegranate,dietary intake,"{""24"":{""name"":""nutrient deficiency"",""benefit_exactly"":null,""benefit_descriptive"":null}}","[{""type"":""alt_gpt"",""name"":""dietary intake"",""benefit"":null,""short_description"":null,""quantity"":null}]",2026-06-04 16:46:39.74+02,2026-06-04 21:03:30.941+02,,,http://id.who.int/icd/entity/2079332103,Circulatory system,Observational Study
2212578,63,pomegranate,1,type 2 diabetes mellitus,19,ready,285,2,Cholesterol-lowering effect of concentrated pomegranate juice consumption in type II diabetic patients with hyperlipidemia.,https://pubmed.ncbi.nlm.nih.gov/17048194/,17048194,https://doi.org/10.1024/0300-9831.76.3.147,10.1024/0300-9831.76.3.147,No PMC available,NULL,Journal Article,4,NULL,Clinical Trial,4,4,pomegranate and type 2 diabetes mellitus,NULL,Pomegranate,concentrated juice,"{""9"":{""name"":""hyperlipidemia"",""benefit_exactly"":""significant reductions were seen in total cholesterol (p < 0.006), low-density lipoprotein-cholesterol (LDL-c) (p < 0.006), LDL-c/high-density lipoprotein-cholesterol (HDL-c) (p < 0.001), and total cholesterol/HDL-c (p < 0.001)"",""benefit_descriptive"":""CPJ consumption significantly reduced total cholesterol, LDL-c, and the ratios of LDL-c/HDL-c and total cholesterol/HDL-c in type 2 diabetic patients with hyperlipidemia.""}}","[{""type"":""total_cholesterol"",""name"":""total cholesterol"",""benefit"":""significant reductions were seen in total cholesterol (p < 0.006)"",""short_description"":""Total cholesterol levels significantly decreased after CPJ consumption."",""quantity"":null},{""type"":""ldl_cholesterol"",""name"":""low-density lipoprotein-cholesterol (LDL-c)"",""benefit"":""significant reductions were seen in low-density lipoprotein-cholesterol (LDL-c) (p < 0.006)"",""short_description"":""LDL-c levels significantly decreased after CPJ consumption."",""quantity"":null},{""type"":""hdl_c_direct"",""name"":""high-density lipoprotein-cholesterol (HDL-c)"",""benefit"":null,""short_description"":null,""quantity"":null},{""type"":""triglycerides"",""name"":""serum triacylglycerol"",""benefit"":null,""short_description"":null,""quantity"":null}]",2026-06-04 18:35:06.682+02,2026-06-04 21:03:30.941+02,Punica granatum,5A11,http://id.who.int/icd/entity/119724091,Type 2 diabetes mellitus,Clinical Trial
2212579,63,pomegranate,1,type 2 diabetes mellitus,19,ready,285,3,Pomegranate seed oil consumption during a period of high-fat feeding reduces weight gain and reduces type 2 diabetes risk in CD-1 mice.,https://pubmed.ncbi.nlm.nih.gov/19079947/,19079947,https://doi.org/10.1017/S0007114508159001,10.1017/S0007114508159001,No PMC available,NULL,Journal Article,4,NULL,Clinical Trial,4,4,pomegranate and type 2 diabetes mellitus,NULL,Pomegranate seed oil,seed oil,"{""1"":{""name"":""insulin resistance"",""benefit_exactly"":""POMo intake was associated with an improvement in insulin sensitivity"",""benefit_descriptive"":""Pomegranate seed oil improved insulin sensitivity, potentially reducing type 2 diabetes risk.""}}","[{""type"":""insulin"",""name"":""insulin"",""benefit"":""POMo intake was associated with an improvement in insulin sensitivity"",""short_description"":""Pomegranate seed oil improved insulin levels, indicating better glucose regulation."",""quantity"":null}]",2026-06-04 20:40:52.991+02,2026-06-04 21:03:30.941+02,Punica granatum,5A11,http://id.who.int/icd/entity/119724091,Type 2 diabetes mellitus,Clinical Trial
2212579,63,pomegranate,4,obesity,2,ready,24,1,Pomegranate seed oil consumption during a period of high-fat feeding reduces weight gain and reduces type 2 diabetes risk in CD-1 mice.,https://pubmed.ncbi.nlm.nih.gov/19079947/,19079947,https://doi.org/10.1017/S0007114508159001,10.1017/S0007114508159001,No PMC available,NULL,Journal Article,4,NULL,Clinical Trial,4,4,pomegranate and obesity,NULL,Pomegranate seed oil,seed oil,"{""13"":{""name"":""adipose tissue accumulation"",""benefit_exactly"":""POMo only altered body weight accumulation, final body weight, leptin, adiponectin and insulin"",""benefit_descriptive"":""Pomegranate seed oil reduced body weight and improved adipokine levels, suggesting reduced adipose tissue accumulation.""}}","[{""type"":""leptin"",""name"":""leptin"",""benefit"":""HF mice had a greater concentration of leptin and a lower concentration of adiponectin compared to HF + POMo mice"",""short_description"":""Pomegranate seed oil reduced leptin levels, indicating reduced adipose tissue accumulation."",""quantity"":null},{""type"":""adiponectin"",""name"":""adiponectin"",""benefit"":""HF mice had a greater concentration of leptin and a lower concentration of adiponectin compared to HF + POMo mice"",""short_description"":""Pomegranate seed oil increased adiponectin levels, suggesting improved metabolic health."",""quantity"":null}]",2026-06-04 20:40:52.991+02,2026-06-04 21:03:30.941+02,Punica granatum,5B80.0,http://id.who.int/icd/entity/1664144906,Overweight,Clinical Trial
2212590,63,pomegranate,1,type 2 diabetes mellitus,19,ready,285,18,The effect of pomegranate (Punica granatum) supplementation on metabolic status in patients with type 2 diabetes: A systematic review and meta-analysis.,https://pubmed.ncbi.nlm.nih.gov/32951728/,32951728,https://doi.org/10.1016/j.ctim.2020.102478,10.1016/j.ctim.2020.102478,No PMC available,NULL,"Journal Article, Meta-Analysis",5,0,NULL,NULL,0,pomegranate and type 2 diabetes mellitus,Pomegranate Aril,NULL,supplementation,"{""1"":{""name"":""insulin resistance"",""benefit_exactly"":null,""benefit_descriptive"":null},""2"":{""name"":""oxidative stress"",""benefit_exactly"":null,""benefit_descriptive"":null}}","[{""type"":""glucose"",""name"":""fasting blood glucose (FBG)"",""benefit"":null,""short_description"":null,""quantity"":null},{""type"":""hba1c"",""name"":""glycosylated hemoglobin percentage (HbA1c)"",""benefit"":null,""short_description"":null,""quantity"":null},{""type"":""insulin"",""name"":""insulin levels"",""benefit"":null,""short_description"":null,""quantity"":null},{""type"":""c_reactive_protein"",""name"":""high sensitive c-reactive protein (Hs-CRP)"",""benefit"":null,""short_description"":null,""quantity"":null},{""type"":""alt_gpt"",""name"":""total antioxidant capacity (TAC)"",""benefit"":null,""short_description"":null,""quantity"":null},{""type"":""triglycerides"",""name"":""triglycerides (TG)"",""benefit"":null,""short_description"":null,""quantity"":null},{""type"":""total_cholesterol"",""name"":""total cholesterol (TC)"",""benefit"":null,""short_description"":null,""quantity"":null},{""type"":""hdl_c_direct"",""name"":""high lipoprotein cholesterol (HDL-C)"",""benefit"":null,""short_description"":null,""quantity"":null},{""type"":""ldl_cholesterol"",""name"":""low lipoprotein cholesterol (LDL-C)"",""benefit"":null,""short_description"":null,""quantity"":null}]",2026-06-04 16:44:03.776+02,2026-06-04 16:44:04.517+02,Punica granatum,5A11,http://id.who.int/icd/entity/119724091,Type 2 diabetes mellitus,Systematic Review
2212591,63,pomegranate,1,type 2 diabetes mellitus,19,ready,285,1,The effects of pomegranate consumption on glycemic indices in adults: A systematic review and meta-analysis.,https://pubmed.ncbi.nlm.nih.gov/38194826/,38194826,https://doi.org/10.1016/j.dsx.2024.102940,10.1016/j.dsx.2024.102940,No PMC available,NULL,"Meta-Analysis, Journal Article",5,NULL,NULL,NULL,5,pomegranate and type 2 diabetes mellitus,Pomegranate Aril,NULL,consumption,"{""1"":{""name"":""insulin resistance"",""benefit_exactly"":""pomegranate consumption significantly reduced fasting insulin (WMD: -1.06 μU/ml; 95%CI: -1.79 to -0.33; p = 0.004) and HOMA-IR (WMD: -0.30; 95%CI: -0.61 to -0.00; p = 0.046)."",""benefit_descriptive"":""Pomegranate consumption improved insulin sensitivity and reduced insulin resistance.""}}","[{""type"":""fasting_plasma_glucose"",""name"":""fasting blood glucose"",""benefit"":""pomegranate consumption significantly reduced FBG (WMD: -2.22 mg/dL; 95% CI: -3.95 to -0.50; p = 0.012)."",""short_description"":""Pomegranate consumption lowered fasting blood glucose levels."",""quantity"":""-2.22 mg/dL""},{""type"":""hba1c"",""name"":""hemoglobin A1c"",""benefit"":""pomegranate consumption significantly reduced HbA1c (WMD: -0.22%; 95% CI: -0.43 to -0.01; p = 0.037)."",""short_description"":""Pomegranate consumption reduced hemoglobin A1c levels."",""quantity"":""-0.22%""}]",2026-06-04 16:44:03.776+02,2026-06-04 16:44:04.517+02,Punica granatum,5A11,http://id.who.int/icd/entity/119724091,Type 2 diabetes mellitus,Systematic Review
2212592,63,pomegranate,1,type 2 diabetes mellitus,19,ready,285,7,Effects of pomegranate juice consumption on blood pressure and lipid profile in patients with type 2 diabetes: A single-blind randomized clinical trial.,https://pubmed.ncbi.nlm.nih.gov/30661697/,30661697,https://doi.org/10.1016/j.clnesp.2018.11.013,10.1016/j.clnesp.2018.11.013,No PMC available,NULL,"Journal Article, Randomized Controlled Trial",4,NULL,NULL,NULL,4,pomegranate and type 2 diabetes mellitus,Pomegranate Aril,NULL,juice,"{""2"":{""name"":""oxidative stress"",""benefit_exactly"":null,""benefit_descriptive"":null}}","[{""type"":""alt_gpt"",""name"":""Systolic Blood Pressure (SBP)"",""benefit"":""SBP (13.5 ± 1.5 mmHg vs. 12.3 ± 2.5, P < 0.001) significantly decreased in the intervention group."",""short_description"":""Pomegranate juice significantly reduced systolic blood pressure in the intervention group."",""quantity"":""13.5 ± 1.5 mmHg""},{""type"":""alt_gpt"",""name"":""Diastolic Blood Pressure (DBP)"",""benefit"":""DBP (7.7 ± 1.6 vs. 7.2 ± 1.6 mmHg, P < 0.05) significantly decreased in the intervention group."",""short_description"":""Pomegranate juice significantly reduced diastolic blood pressure in the intervention group."",""quantity"":""7.7 ± 1.6 mmHg""},{""type"":""total_cholesterol"",""name"":""Total Cholesterol (TC)"",""benefit"":""TC decreased significantly compared to pre-trial values within the intervention group."",""short_description"":""Pomegranate juice consumption led to a significant reduction in total cholesterol levels within the intervention group."",""quantity"":null},{""type"":""ldl_cholesterol"",""name"":""Low-Density Lipoprotein Cholesterol (LDL-C)"",""benefit"":""LDL-C decreased significantly compared to pre-trial values within the intervention group."",""short_description"":""Pomegranate juice consumption led to a significant reduction in LDL cholesterol levels within the intervention group."",""quantity"":null}]",2026-06-04 16:44:03.776+02,2026-06-04 16:44:04.517+02,Punica granatum,5A11,http://id.who.int/icd/entity/119724091,Type 2 diabetes mellitus,Randomized Controlled Trial
2212593,63,pomegranate,1,type 2 diabetes mellitus,19,ready,285,4,Efficacy of Pomegranate Seed Powder on Glucose and Lipid Metabolism in Patients with Type 2 Diabetes: A Prospective Randomized Double-Blind Placebo-Controlled Clinical Trial.,https://pubmed.ncbi.nlm.nih.gov/33302270/,33302270,https://doi.org/10.1159/000510986,10.1159/000510986,No PMC available,NULL,"Journal Article, Randomized Controlled Trial",4,NULL,NULL,NULL,4,pomegranate and type 2 diabetes mellitus,Pomegranate Aril,NULL,powder,"{""1"":{""name"":""insulin resistance"",""benefit_exactly"":null,""benefit_descriptive"":null},""2"":{""name"":""oxidative stress"",""benefit_exactly"":null,""benefit_descriptive"":null}}","[{""type"":""fasting_plasma_glucose"",""name"":""Fasting Blood Glucose (FBG)"",""benefit"":""The mean differences of FBG were significantly decreased in the PSP group when compared with the placebo group (p value <0.05). Post-intervention values of FBG were significantly lower in patients treated with PSP compared to the placebo group (p value = 0.02)."",""short_description"":""Significant reduction in fasting blood glucose levels after 8 weeks of PSP supplementation."",""quantity"":null},{""type"":""hba1c"",""name"":""Glycated Hemoglobin (HbA1c)"",""benefit"":""Post-intervention values of HbA1c were significantly lower in patients treated with PSP compared to the placebo group (p value = 0.01)."",""short_description"":""Significant reduction in HbA1c levels after 8 weeks of PSP supplementation."",""quantity"":null},{""type"":""total_cholesterol"",""name"":""Total Cholesterol"",""benefit"":null,""short_description"":null,""quantity"":null},{""type"":""triglycerides"",""name"":""Triglycerides (TG)"",""benefit"":null,""short_description"":null,""quantity"":null}]",2026-06-04 16:44:03.776+02,2026-06-04 16:44:04.517+02,Punica granatum,5A11,http://id.who.int/icd/entity/119724091,Type 2 diabetes mellitus,Randomized Controlled Trial
2212594,0,punicalagin,1,type 2 diabetes mellitus,32,ready,0,4,Effects of pomegranate aril juice and its punicalagin on some key regulators of insulin resistance and oxidative liver injury in streptozotocin-nicotinamide type 2 diabetic rats.,https://pubmed.ncbi.nlm.nih.gov/31006095/,31006095,https://doi.org/10.1007/s11033-019-04813-8,10.1007/s11033-019-04813-8,No PMC available,NULL,Journal Article,4,NULL,"Clinical Trial, Comparative Study",4,4,punicalagin and type 2 diabetes mellitus,Pomegranate Aril,NULL,pure compound,"{""1"":{""name"":""insulin resistance"",""benefit_exactly"":""Although the low dose of PCG induced some modulation in STZ-NA diabetic rats, the high dose of PCG did not show any valuable antidiabetic activity, but induced many side effects."",""benefit_descriptive"":""Low dose of PCG showed some modulation in diabetic rats, but high dose was ineffective and caused side effects.""}}","[{""type"":""glucose"",""name"":""serum tumor necrosis factor-α concentration"",""benefit"":""PAJ (especially at the high dose) alleviated significantly (P < 0.05-0.001) most signs of type 2 diabetes including body-weight loss, insulin resistance (IR) and hyperglycemia through decreasing serum tumor necrosis factor-α concentration"",""short_description"":""PAJ significantly decreased serum tumor necrosis factor-α concentration, contributing to improved diabetic symptoms."",""quantity"":null},{""type"":""lipid_panel"",""name"":""hepatic lipid peroxidation"",""benefit"":""Also, it decreased significantly (P < 0.001) the oxidative liver injury in STZ-NA diabetic rats through decreasing the hepatic lipid peroxidation"",""short_description"":""PAJ significantly reduced hepatic lipid peroxidation, indicating a protective effect against oxidative liver injury."",""quantity"":null},{""type"":""lipid_panel"",""name"":""hepatic nitric oxide production"",""benefit"":""Also, it decreased significantly (P < 0.001) the oxidative liver injury in STZ-NA diabetic rats through decreasing the hepatic lipid peroxidation and nitric oxide production"",""short_description"":""PAJ significantly decreased hepatic nitric oxide production, contributing to reduced oxidative liver injury."",""quantity"":null}]",2026-06-04 16:44:03.776+02,2026-06-04 16:44:04.517+02,Punicalagin,5A11,http://id.who.int/icd/entity/119724091,Type 2 diabetes mellitus,Clinical Trial
2212594,63,pomegranate,1,type 2 diabetes mellitus,19,ready,285,11,Effects of pomegranate aril juice and its punicalagin on some key regulators of insulin resistance and oxidative liver injury in streptozotocin-nicotinamide type 2 diabetic rats.,https://pubmed.ncbi.nlm.nih.gov/31006095/,31006095,https://doi.org/10.1007/s11033-019-04813-8,10.1007/s11033-019-04813-8,No PMC available,NULL,Journal Article,4,NULL,"Clinical Trial, Comparative Study",4,4,pomegranate and type 2 diabetes mellitus,Pomegranate Aril,NULL,aril juice,"{""1"":{""name"":""insulin resistance"",""benefit_exactly"":""PAJ (especially at the high dose) alleviated significantly (P < 0.05-0.001) most signs of type 2 diabetes including body-weight loss, insulin resistance (IR) and hyperglycemia through decreasing serum tumor necrosis factor-α concentration and the expression of hepatic c-Jun N-terminal kinase, and increasing the skeletal muscle weight and the expression of hepatic insulin receptor substrate-1 in STZ-NA diabetic rats."",""benefit_descriptive"":""PAJ reduced insulin resistance by decreasing TNF-α and c-Jun N-terminal kinase expression while increasing skeletal muscle weight and insulin receptor substrate-1 expression.""},""2"":{""name"":""oxidative stress"",""benefit_exactly"":""PAJ decreased significantly (P < 0.001) the oxidative liver injury in STZ-NA diabetic rats through decreasing the hepatic lipid peroxidation and nitric oxide production, and improving the hepatic antioxidant defense system."",""benefit_descriptive"":""PAJ reduced oxidative stress by decreasing lipid peroxidation and nitric oxide production while improving antioxidant defenses.""}}","[{""type"":""glucose"",""name"":""serum glucose"",""benefit"":""PAJ (especially at the high dose) alleviated significantly (P < 0.05-0.001) most signs of type 2 diabetes including body-weight loss, insulin resistance (IR) and hyperglycemia"",""short_description"":""PAJ significantly reduced hyperglycemia in diabetic rats."",""quantity"":null},{""type"":""lipid_panel"",""name"":""hepatic lipid peroxidation"",""benefit"":""PAJ decreased significantly (P < 0.001) the oxidative liver injury in STZ-NA diabetic rats through decreasing the hepatic lipid peroxidation"",""short_description"":""PAJ significantly decreased hepatic lipid peroxidation."",""quantity"":null},{""type"":""lipid_panel"",""name"":""hepatic nitric oxide production"",""benefit"":""PAJ decreased significantly (P < 0.001) the oxidative liver injury in STZ-NA diabetic rats through decreasing the hepatic lipid peroxidation and nitric oxide production"",""short_description"":""PAJ significantly decreased hepatic nitric oxide production."",""quantity"":null}]",2026-06-04 16:44:03.776+02,2026-06-04 16:44:04.517+02,Punica granatum,5A11,http://id.who.int/icd/entity/119724091,Type 2 diabetes mellitus,Clinical Trial