id,productId,root_name,scientific_name,diseaseId,disease,code,foundation_url,icd_title,articles_count,category,calculated_dw,article_number,title,pubmed,PMID,doi,DOI,pmc,PMCID,pubtypes,ai_pubtypes,rate,disease_rates,diseases_rate_all_null,disease_rate_combination,name,processing_status,dynamic_root_causes,labs,createdAt,updatedAt,__EMPTY,__EMPTY_1,__EMPTY_2,__EMPTY_3,__EMPTY_4,__EMPTY_5,__EMPTY_6,__EMPTY_7,__EMPTY_8,__EMPTY_9,__EMPTY_10,__EMPTY_11,__EMPTY_12,__EMPTY_13,__EMPTY_14,__EMPTY_15,__EMPTY_16,__EMPTY_17,__EMPTY_18,__EMPTY_19,__EMPTY_20,__EMPTY_21,__EMPTY_22,__EMPTY_23,__EMPTY_24,__EMPTY_25,__EMPTY_26,__EMPTY_27,__EMPTY_28,__EMPTY_29,__EMPTY_30,__EMPTY_31,__EMPTY_32,__EMPTY_33,__EMPTY_34,__EMPTY_35,__EMPTY_36,__EMPTY_37,__EMPTY_38,__EMPTY_39
3773196,63,pomegranate,Punica granatum,1,type 2 diabetes mellitus,5A11,http://id.who.int/icd/entity/119724091,Type 2 diabetes mellitus,20,ready,310,16,An Overview of Plant Phenolic Compounds and Their Importance in Human Nutrition and Management of Type 2 Diabetes.,https://pubmed.ncbi.nlm.nih.gov/27754463/,27754463,https://doi.org/10.3390/molecules21101374,10.3390/molecules21101374,https://www.ncbi.nlm.nih.gov/pmc/articles/PMC6274266/,PMC6274266,"Journal Article, Review",Review,2,2,NULL,2,pomegranate and type 2 diabetes mellitus,juice,"{""2"":{""name"":""oxidative stress"",""benefit_exactly"":""Some polyphenol-rich foods, for instance grape, grape seed extract, pomegranate juice and cranberry juice, have been reported to play a beneficial part in reducing cardiovascular risk elements in patients with metabolic syndrome and type 2 diabetes."",""benefit_descriptive"":""Pomegranate juice may reduce oxidative stress and cardiovascular risk in type 2 diabetes.""}}","[{""type"":""glucose"",""name"":""glucose"",""benefit"":""Some polyphenol-rich foods, for instance grape, grape seed extract, pomegranate juice and cranberry juice, have been reported to play a beneficial part in reducing cardiovascular risk elements in patients with metabolic syndrome and type 2 diabetes."",""short_description"":""Pomegranate juice can help regulate blood glucose levels and improve metabolic health in type 2 diabetes."",""quantity"":null}]",2026-06-07 12:26:32.075+02,2026-06-07 16:20:05.542+02,,,,,,,,,,,,,,,,,,,,,,,,,,,,,,,,,,,,,,,,
3773196,0,berries,Various,1,type 2 diabetes mellitus,5A11,http://id.who.int/icd/entity/119724091,Type 2 diabetes mellitus,21,ready,0,16,An Overview of Plant Phenolic Compounds and Their Importance in Human Nutrition and Management of Type 2 Diabetes.,https://pubmed.ncbi.nlm.nih.gov/27754463/,27754463,https://doi.org/10.3390/molecules21101374,10.3390/molecules21101374,https://www.ncbi.nlm.nih.gov/pmc/articles/PMC6274266/,PMC6274266,"Journal Article, Review",Review,2,2,NULL,2,berries and type 2 diabetes mellitus,raw,"{""2"":{""name"":""oxidative stress"",""benefit_exactly"":""Phenolic compounds from berry fruits as nutritional interventions could be considered a valuable tool to prevent the development of age-related neurodegenerative diseases by inflammation and decreasing oxidative stress."",""benefit_descriptive"":""Berries' phenolic compounds may reduce oxidative stress and inflammation in type 2 diabetes.""},""18"":{""name"":""hyperglycemia"",""benefit_exactly"":""Berries are considered good sources of phenolic compounds, such as phenolic acids and flavonoids."",""benefit_descriptive"":""Berries' phenolic compounds may help manage blood glucose levels in type 2 diabetes.""}}","[{""type"":""glucose"",""name"":""blood glucose"",""benefit"":""Berries are considered good sources of phenolic compounds, such as phenolic acids and flavonoids."",""short_description"":""Berries' phenolic compounds may help regulate blood glucose levels in type 2 diabetes."",""quantity"":null}]",2026-06-07 12:26:32.075+02,2026-06-07 16:20:05.542+02,,,,,,,,,,,,,,,,,,,,,,,,,,,,,,,,,,,,,,,,
3773196,7,strawberries,Fragaria × ananassa,1,type 2 diabetes mellitus,5A11,http://id.who.int/icd/entity/119724091,Type 2 diabetes mellitus,2,ready,8,2,An Overview of Plant Phenolic Compounds and Their Importance in Human Nutrition and Management of Type 2 Diabetes.,https://pubmed.ncbi.nlm.nih.gov/27754463/,27754463,https://doi.org/10.3390/molecules21101374,10.3390/molecules21101374,https://www.ncbi.nlm.nih.gov/pmc/articles/PMC6274266/,PMC6274266,"Journal Article, Review",Review,2,2,NULL,2,strawberries and type 2 diabetes mellitus,juice,"{""2"":{""name"":""oxidative stress"",""benefit_exactly"":""Phenolic compounds are vital in defense responses, such as anti-aging, anti-inflammatory, antioxidant and anti-proliferative activities."",""benefit_descriptive"":""Strawberries' phenolic compounds may reduce oxidative stress in type 2 diabetes.""}}","[{""type"":""glucose"",""name"":""glucose"",""benefit"":""Some polyphenol-rich foods, for instance grape, grape seed extract, pomegranate juice and cranberry juice, have been reported to play a beneficial part in reducing cardiovascular risk elements in patients with metabolic syndrome and type 2 diabetes."",""short_description"":""Pomegranate juice can help regulate blood glucose levels and improve metabolic health in type 2 diabetes."",""quantity"":null}]",2026-06-07 12:26:32.075+02,2026-06-07 16:20:05.542+02,,,,,,,,,,,,,,,,,,,,,,,,,,,,,,,,,,,,,,,,
3773196,8,raspberries,Rubus idaeus,1,type 2 diabetes mellitus,5A11,http://id.who.int/icd/entity/119724091,Type 2 diabetes mellitus,2,ready,8,2,An Overview of Plant Phenolic Compounds and Their Importance in Human Nutrition and Management of Type 2 Diabetes.,https://pubmed.ncbi.nlm.nih.gov/27754463/,27754463,https://doi.org/10.3390/molecules21101374,10.3390/molecules21101374,https://www.ncbi.nlm.nih.gov/pmc/articles/PMC6274266/,PMC6274266,"Journal Article, Review",Review,2,2,NULL,2,raspberries and type 2 diabetes mellitus,raw,"{""2"":{""name"":""oxidative stress"",""benefit_exactly"":""Phenolic compounds are vital in defense responses, such as anti-aging, anti-inflammatory, antioxidant and anti-proliferative activities."",""benefit_descriptive"":""Raspberries' phenolic compounds may reduce oxidative stress in type 2 diabetes.""}}","[{""type"":""glucose"",""name"":""glucose"",""benefit"":""Some polyphenol-rich foods, for instance grape, grape seed extract, pomegranate juice and cranberry juice, have been reported to play a beneficial part in reducing cardiovascular risk elements in patients with metabolic syndrome and type 2 diabetes."",""short_description"":""Pomegranate juice can help regulate blood glucose levels and improve metabolic health in type 2 diabetes."",""quantity"":null}]",2026-06-07 12:26:32.075+02,2026-06-07 16:20:05.542+02,,,,,,,,,,,,,,,,,,,,,,,,,,,,,,,,,,,,,,,,
3773196,22,grapes,Vitis vinifera,1,type 2 diabetes mellitus,5A11,http://id.who.int/icd/entity/119724091,Type 2 diabetes mellitus,4,ready,16,2,An Overview of Plant Phenolic Compounds and Their Importance in Human Nutrition and Management of Type 2 Diabetes.,https://pubmed.ncbi.nlm.nih.gov/27754463/,27754463,https://doi.org/10.3390/molecules21101374,10.3390/molecules21101374,https://www.ncbi.nlm.nih.gov/pmc/articles/PMC6274266/,PMC6274266,"Journal Article, Review",Review,2,2,NULL,2,grapes and type 2 diabetes mellitus,extract,"{""2"":{""name"":""oxidative stress"",""benefit_exactly"":""Polyphenolic compounds can prevent the development of long-term diabetes complications, including cardiovascular disease, neuropathy, nephropathy and retinopathy."",""benefit_descriptive"":""Polyphenolic compounds from grapes may reduce oxidative stress-related complications in type 2 diabetes.""},""18"":{""name"":""hyperglycemia"",""benefit_exactly"":""Dietary plant polyphenols and polyphenol-rich products modulate carbohydrate and lipid metabolism, attenuate hyperglycemia, dyslipidemia and insulin resistance."",""benefit_descriptive"":""Grapes' polyphenols may help regulate blood glucose levels and reduce hyperglycemia in type 2 diabetes.""}}","[{""type"":""glucose"",""name"":""blood glucose"",""benefit"":""GSE significantly improved markers of inflammation and glycaemia and improved a sole marker of oxidative stress in obese type 2 diabetic subjects at high risk of cardiovascular events over a four-week period."",""short_description"":""Grapeseed extract improved blood glucose levels and oxidative stress markers in type 2 diabetes patients."",""quantity"":null}]",2026-06-07 12:26:32.075+02,2026-06-07 16:20:05.542+02,,,,,,,,,,,,,,,,,,,,,,,,,,,,,,,,,,,,,,,,
3773196,24,apples,Malus domestica,1,type 2 diabetes mellitus,5A11,http://id.who.int/icd/entity/119724091,Type 2 diabetes mellitus,4,ready,16,1,An Overview of Plant Phenolic Compounds and Their Importance in Human Nutrition and Management of Type 2 Diabetes.,https://pubmed.ncbi.nlm.nih.gov/27754463/,27754463,https://doi.org/10.3390/molecules21101374,10.3390/molecules21101374,https://www.ncbi.nlm.nih.gov/pmc/articles/PMC6274266/,PMC6274266,"Journal Article, Review",Review,2,2,NULL,2,apples and type 2 diabetes mellitus,raw,"{""2"":{""name"":""oxidative stress"",""benefit_exactly"":""Phenolic compounds are vital in defense responses, such as anti-aging, anti-inflammatory, antioxidant and anti-proliferative activities."",""benefit_descriptive"":""Apples' phenolic compounds may reduce oxidative stress in type 2 diabetes.""}}","[{""type"":""glucose"",""name"":""glucose"",""benefit"":""Some polyphenol-rich foods, for instance grape, grape seed extract, pomegranate juice and cranberry juice, have been reported to play a beneficial part in reducing cardiovascular risk elements in patients with metabolic syndrome and type 2 diabetes."",""short_description"":""Pomegranate juice can help regulate blood glucose levels and improve metabolic health in type 2 diabetes."",""quantity"":null}]",2026-06-07 12:26:32.075+02,2026-06-07 16:20:05.542+02,,,,,,,,,,,,,,,,,,,,,,,,,,,,,,,,,,,,,,,,
3773196,0,berry,Punica granatum,5,cardiovascular disease,,http://id.who.int/icd/entity/2079332103,Circulatory system,32,ready,0,15,An Overview of Plant Phenolic Compounds and Their Importance in Human Nutrition and Management of Type 2 Diabetes.,https://pubmed.ncbi.nlm.nih.gov/27754463/,27754463,https://doi.org/10.3390/molecules21101374,10.3390/molecules21101374,https://www.ncbi.nlm.nih.gov/pmc/articles/PMC6274266/,PMC6274266,"Journal Article, Review",Review,2,2,NULL,2,berry and cardiovascular disease,juice,"{""19"":{""name"":""oxidative stress"",""benefit_exactly"":""Polyphenols, especially flavonoids, phenolic acids and tannins, have the important property of inhibiting α-glucosidase and α-amylase, which are key enzymes and responsible for the digestion of dietary carbohydrates to glucose."",""benefit_descriptive"":""Polyphenols inhibit key enzymes involved in carbohydrate digestion, reducing glucose absorption.""}}","[{""type"":""total_cholesterol"",""name"":""total cholesterol"",""benefit"":null,""short_description"":null,""quantity"":null},{""type"":""hdl_c_direct"",""name"":""HDL cholesterol"",""benefit"":null,""short_description"":null,""quantity"":null}]",2026-06-07 12:26:32.075+02,2026-06-07 16:20:05.542+02,,,,,,,,,,,,,,,,,,,,,,,,,,,,,,,,,,,,,,,,
3773197,0,punicic acid,Punicic acid,1,type 2 diabetes mellitus,5A11,http://id.who.int/icd/entity/119724091,Type 2 diabetes mellitus,21,ready,0,17,Punicic acid: A potential compound of pomegranate seed oil in Type 2 diabetes mellitus management.,https://pubmed.ncbi.nlm.nih.gov/30317607/,30317607,https://doi.org/10.1002/jcp.27556,10.1002/jcp.27556,No PMC available,NULL,"Journal Article, Review",Review,2,2,NULL,2,punicic acid and type 2 diabetes mellitus,main ingredient of pomegranate seed oil,"{""2"":{""name"":""oxidative stress"",""benefit_exactly"":""antioxidant properties"",""benefit_descriptive"":""Punicic acid exhibits antioxidant properties, which can mitigate oxidative stress, a contributing factor to Type 2 Diabetes Mellitus.""},""5"":{""name"":""inflammatory cytokines"",""benefit_exactly"":""reducing inflammatory cytokines"",""benefit_descriptive"":""Punicic acid helps reduce inflammatory cytokines, which are implicated in the pathogenesis of Type 2 Diabetes Mellitus.""},""6"":{""name"":""glucose homeostasis"",""benefit_exactly"":""modulating glucose homeostasis"",""benefit_descriptive"":""Punicic acid helps modulate glucose homeostasis, which is crucial in managing Type 2 Diabetes Mellitus.""}}","[{""type"":""glucose"",""name"":""glucose homeostasis"",""benefit"":""modulating glucose homeostasis"",""short_description"":""Punicic acid helps regulate blood glucose levels, which is essential in managing Type 2 Diabetes Mellitus."",""quantity"":null}]",2026-06-07 12:30:03.425+02,2026-06-07 16:20:05.542+02,,,,,,,,,,,,,,,,,,,,,,,,,,,,,,,,,,,,,,,,
3773181,63,pomegranate,Punica granatum,1,type 2 diabetes mellitus,5A11,http://id.who.int/icd/entity/119724091,Type 2 diabetes mellitus,20,ready,310,19,The effect of pomegranate (Punica granatum) supplementation on metabolic status in patients with type 2 diabetes: A systematic review and meta-analysis.,https://pubmed.ncbi.nlm.nih.gov/32951728/,32951728,https://doi.org/10.1016/j.ctim.2020.102478,10.1016/j.ctim.2020.102478,No PMC available,NULL,"Journal Article, Meta-Analysis",Systematic Review,5,5,0,0,pomegranate and type 2 diabetes mellitus,supplementation,"{""1"":{""name"":""insulin resistance"",""benefit_exactly"":null,""benefit_descriptive"":null},""2"":{""name"":""oxidative stress"",""benefit_exactly"":null,""benefit_descriptive"":null}}","[{""type"":""alt_gpt"",""name"":""fasting blood glucose (FBG)"",""benefit"":null,""short_description"":null,""quantity"":null},{""type"":""alt_gpt"",""name"":""homeostasis model assessment-estimated insulin resistance index (HOMA-IR)"",""benefit"":null,""short_description"":null,""quantity"":null},{""type"":""alt_gpt"",""name"":""glycosylated hemoglobin percentage (HbA1c)"",""benefit"":null,""short_description"":null,""quantity"":null},{""type"":""alt_gpt"",""name"":""insulin levels"",""benefit"":null,""short_description"":null,""quantity"":null},{""type"":""alt_gpt"",""name"":""body mass index (BMI)"",""benefit"":null,""short_description"":null,""quantity"":null},{""type"":""alt_gpt"",""name"":""body weight (BW)"",""benefit"":null,""short_description"":null,""quantity"":null},{""type"":""triglycerides"",""name"":""triglycerides (TG)"",""benefit"":null,""short_description"":null,""quantity"":null},{""type"":""total_cholesterol"",""name"":""total cholesterol (TC)"",""benefit"":null,""short_description"":null,""quantity"":null},{""type"":""hdl_c_direct"",""name"":""high lipoprotein cholesterol (HDL-C)"",""benefit"":null,""short_description"":null,""quantity"":null},{""type"":""ldl_cholesterol"",""name"":""low lipoprotein cholesterol (LDL-C)"",""benefit"":null,""short_description"":null,""quantity"":null},{""type"":""c_reactive_protein"",""name"":""high sensitive c-reactive protein (Hs-CRP)"",""benefit"":null,""short_description"":null,""quantity"":null},{""type"":""alt_gpt"",""name"":""total antioxidant capacity (TAC)"",""benefit"":null,""short_description"":null,""quantity"":null}]",2026-06-07 12:30:03.425+02,2026-06-07 16:20:05.542+02,,,,,,,,,,,,,,,,,,,,,,,,,,,,,,,,,,,,,,,,
3773182,63,pomegranate,Punica granatum,1,type 2 diabetes mellitus,5A11,http://id.who.int/icd/entity/119724091,Type 2 diabetes mellitus,20,ready,310,1,The effects of pomegranate consumption on glycemic indices in adults: A systematic review and meta-analysis.,https://pubmed.ncbi.nlm.nih.gov/38194826/,38194826,https://doi.org/10.1016/j.dsx.2024.102940,10.1016/j.dsx.2024.102940,No PMC available,NULL,"Meta-Analysis, Journal Article",Systematic Review,5,5,NULL,5,pomegranate and type 2 diabetes mellitus,consumption,"{""1"":{""name"":""insulin resistance"",""benefit_exactly"":""pomegranate consumption significantly reduced fasting insulin (WMD: -1.06 μU/ml; 95%CI: -1.79 to -0.33; p = 0.004) and HOMA-IR (WMD: -0.30; 95%CI: -0.61 to -0.00; p = 0.046)"",""benefit_descriptive"":""Pomegranate consumption reduced insulin resistance markers, including fasting insulin and HOMA-IR.""}}","[{""type"":""fasting_plasma_glucose"",""name"":""fasting blood glucose"",""benefit"":""pomegranate consumption significantly reduced FBG (WMD: -2.22 mg/dL; 95% CI: -3.95 to -0.50; p = 0.012)"",""short_description"":""Pomegranate consumption lowered fasting blood glucose levels."",""quantity"":""-2.22 mg/dL""},{""type"":""hba1c"",""name"":""hemoglobin A1c"",""benefit"":""pomegranate consumption significantly reduced HbA1c (WMD: -0.22%; 95% CI: -0.43 to -0.01; p = 0.037)"",""short_description"":""Pomegranate consumption reduced hemoglobin A1c levels."",""quantity"":""-0.22%""}]",2026-06-07 12:30:03.425+02,2026-06-07 16:20:05.542+02,,,,,,,,,,,,,,,,,,,,,,,,,,,,,,,,,,,,,,,,
3773183,175,turmeric,Curcuma longa L.,1,type 2 diabetes mellitus,5A11,http://id.who.int/icd/entity/119724091,Type 2 diabetes mellitus,1,ready,25,1,Antioxidative hypoglycemic herbal medicines with in vivo and in vitro activity against C-reactive protein; a systematic review.,https://pubmed.ncbi.nlm.nih.gov/36610136/,36610136,https://doi.org/10.1016/j.phymed.2022.154615,10.1016/j.phymed.2022.154615,No PMC available,NULL,Journal Article,Systematic Review,0,5,NULL,5,turmeric and type 2 diabetes mellitus,NULL,"{""2"":{""name"":""oxidative stress"",""benefit_exactly"":""decreasing CRP concentrations and oxidative stresses levels"",""benefit_descriptive"":""Reduces oxidative stress and inflammation""}}","[{""type"":""c_reactive_protein"",""name"":""C-reactive protein"",""benefit"":""decreasing CRP concentrations"",""short_description"":""Reduces CRP levels"",""quantity"":null}]",2026-06-07 12:56:50.073+02,2026-06-07 16:20:05.542+02,,,,,,,,,,,,,,,,,,,,,,,,,,,,,,,,,,,,,,,,
3773183,0,dianthus,Dianthus superbus L.,1,type 2 diabetes mellitus,5A11,http://id.who.int/icd/entity/119724091,Type 2 diabetes mellitus,21,ready,0,3,Antioxidative hypoglycemic herbal medicines with in vivo and in vitro activity against C-reactive protein; a systematic review.,https://pubmed.ncbi.nlm.nih.gov/36610136/,36610136,https://doi.org/10.1016/j.phymed.2022.154615,10.1016/j.phymed.2022.154615,No PMC available,NULL,Journal Article,Systematic Review,0,5,NULL,5,dianthus and type 2 diabetes mellitus,NULL,"{""2"":{""name"":""oxidative stress"",""benefit_exactly"":""decreasing CRP concentrations and oxidative stresses levels"",""benefit_descriptive"":""Reduces oxidative stress and inflammation""}}","[{""type"":""c_reactive_protein"",""name"":""C-reactive protein"",""benefit"":""decreasing CRP concentrations"",""short_description"":""Reduces CRP levels"",""quantity"":null}]",2026-06-07 12:56:50.073+02,2026-06-07 16:20:05.542+02,,,,,,,,,,,,,,,,,,,,,,,,,,,,,,,,,,,,,,,,
3773183,58,guava,Psidium guajava L.,1,type 2 diabetes mellitus,5A11,http://id.who.int/icd/entity/119724091,Type 2 diabetes mellitus,3,ready,45,1,Antioxidative hypoglycemic herbal medicines with in vivo and in vitro activity against C-reactive protein; a systematic review.,https://pubmed.ncbi.nlm.nih.gov/36610136/,36610136,https://doi.org/10.1016/j.phymed.2022.154615,10.1016/j.phymed.2022.154615,No PMC available,NULL,Journal Article,Systematic Review,0,5,NULL,5,guava and type 2 diabetes mellitus,NULL,"{""2"":{""name"":""oxidative stress"",""benefit_exactly"":""decreasing CRP concentrations and oxidative stresses levels"",""benefit_descriptive"":""Reduces oxidative stress and inflammation""}}","[{""type"":""c_reactive_protein"",""name"":""C-reactive protein"",""benefit"":""decreasing CRP concentrations"",""short_description"":""Reduces CRP levels"",""quantity"":null}]",2026-06-07 12:56:50.073+02,2026-06-07 16:20:05.542+02,,,,,,,,,,,,,,,,,,,,,,,,,,,,,,,,,,,,,,,,
3773183,63,pomegranate,Punica granatum L.,1,type 2 diabetes mellitus,5A11,http://id.who.int/icd/entity/119724091,Type 2 diabetes mellitus,20,ready,310,2,Antioxidative hypoglycemic herbal medicines with in vivo and in vitro activity against C-reactive protein; a systematic review.,https://pubmed.ncbi.nlm.nih.gov/36610136/,36610136,https://doi.org/10.1016/j.phymed.2022.154615,10.1016/j.phymed.2022.154615,No PMC available,NULL,Journal Article,Systematic Review,0,5,NULL,5,pomegranate and type 2 diabetes mellitus,NULL,"{""2"":{""name"":""oxidative stress"",""benefit_exactly"":""decreasing CRP concentrations and oxidative stresses levels"",""benefit_descriptive"":""Reduces oxidative stress and inflammation""}}","[{""type"":""c_reactive_protein"",""name"":""C-reactive protein"",""benefit"":""decreasing CRP concentrations"",""short_description"":""Reduces CRP levels"",""quantity"":null}]",2026-06-07 12:56:50.073+02,2026-06-07 16:20:05.542+02,,,,,,,,,,,,,,,,,,,,,,,,,,,,,,,,,,,,,,,,
3773184,0,omega-3 polyunsaturated fatty acids,Punica granatum,1,type 2 diabetes mellitus,5A11,http://id.who.int/icd/entity/119724091,Type 2 diabetes mellitus,21,ready,0,4,"Treatment with high-dose n-3 PUFAs has no effect on platelet function, coagulation, metabolic status or inflammation in patients with atherosclerosis and type 2 diabetes.",https://pubmed.ncbi.nlm.nih.gov/28410617/,28410617,https://doi.org/10.1186/s12933-017-0523-9,10.1186/s12933-017-0523-9,https://www.ncbi.nlm.nih.gov/pmc/articles/PMC5391604/,PMC5391604,"Journal Article, Multicenter Study, Randomized Controlled Trial",Randomized Controlled Trial,4,4,0,0,omega-3 polyunsaturated fatty acids and type 2 diabetes mellitus,supplementation,"{""1"":{""name"":""insulin resistance"",""benefit_exactly"":null,""benefit_descriptive"":null},""14"":{""name"":""systemic low-grade inflammation"",""benefit_exactly"":null,""benefit_descriptive"":null},""15"":{""name"":""metabolic syndrome"",""benefit_exactly"":null,""benefit_descriptive"":null}}","[{""type"":""hba1c"",""name"":""HbA1c"",""benefit"":null,""short_description"":null,""quantity"":null},{""type"":""insulin"",""name"":""insulin level"",""benefit"":null,""short_description"":null,""quantity"":null},{""type"":""lipid_panel"",""name"":""lipid profiles"",""benefit"":null,""short_description"":null,""quantity"":null},{""type"":""adipokines"",""name"":""leptin and adiponectin levels"",""benefit"":null,""short_description"":null,""quantity"":null},{""type"":""c_reactive_protein"",""name"":""high-sensitivity C-reactive protein"",""benefit"":null,""short_description"":null,""quantity"":null},{""type"":""triglycerides"",""name"":""triglyceride levels"",""benefit"":null,""short_description"":null,""quantity"":null}]",2026-06-07 12:47:13.328+02,2026-06-07 17:55:40.877+02,,,,,,,,,,,,,,,,,,,,,,,,,,,,,,,,,,,,,,,,
3773184,0,omega-3 polyunsaturated fatty acids,Punica granatum,2,atherosclerosis,8B11.0,http://id.who.int/icd/entity/1070137396,Cerebral ischaemic stroke due to extracranial large artery atherosclerosis,21,ready,0,4,"Treatment with high-dose n-3 PUFAs has no effect on platelet function, coagulation, metabolic status or inflammation in patients with atherosclerosis and type 2 diabetes.",https://pubmed.ncbi.nlm.nih.gov/28410617/,28410617,https://doi.org/10.1186/s12933-017-0523-9,10.1186/s12933-017-0523-9,https://www.ncbi.nlm.nih.gov/pmc/articles/PMC5391604/,PMC5391604,"Journal Article, Multicenter Study, Randomized Controlled Trial",Randomized Controlled Trial,4,4,0,0,omega-3 polyunsaturated fatty acids and atherosclerosis,supplementation,"{""16"":{""name"":""enhanced platelet reactivity"",""benefit_exactly"":null,""benefit_descriptive"":null},""17"":{""name"":""enhanced secondary hemostasis"",""benefit_exactly"":null,""benefit_descriptive"":null},""48"":{""name"":""thrombin generation"",""benefit_exactly"":null,""benefit_descriptive"":null}}","[{""type"":""platelet aggregation"",""name"":""platelet aggregation"",""benefit"":null,""short_description"":null,""quantity"":null},{""type"":""thrombin generation"",""name"":""thrombin generation"",""benefit"":null,""short_description"":null,""quantity"":null},{""type"":""fibrin clot properties"",""name"":""fibrin clot permeability"",""benefit"":null,""short_description"":null,""quantity"":null},{""type"":""fibrinolysis"",""name"":""clot lysis time"",""benefit"":null,""short_description"":null,""quantity"":null}]",2026-06-07 12:47:13.328+02,2026-06-07 17:55:40.877+02,,,,,,,,,,,,,,,,,,,,,,,,,,,,,,,,,,,,,,,,
3773185,63,pomegranate,Punica granatum,1,type 2 diabetes mellitus,5A11,http://id.who.int/icd/entity/119724091,Type 2 diabetes mellitus,20,ready,310,8,Efficacy of Pomegranate Seed Powder on Glucose and Lipid Metabolism in Patients with Type 2 Diabetes: A Prospective Randomized Double-Blind Placebo-Controlled Clinical Trial.,https://pubmed.ncbi.nlm.nih.gov/33302270/,33302270,https://doi.org/10.1159/000510986,10.1159/000510986,No PMC available,NULL,"Journal Article, Randomized Controlled Trial",Randomized Controlled Trial,4,4,NULL,4,pomegranate and type 2 diabetes mellitus,powder,"{""1"":{""name"":""insulin resistance"",""benefit_exactly"":""The mean differences of FBG, HbA1c, cholesterol, and TG were significantly decreased in the PSP group when compared with the placebo group (p value <0.05)."",""benefit_descriptive"":""Pomegranate seed powder supplementation significantly reduced fasting blood glucose and glycated hemoglobin levels, indicating improved glucose metabolism.""}}","[{""type"":""fasting_plasma_glucose"",""name"":""Fasting Blood Glucose (FBG)"",""benefit"":""The mean differences of FBG were significantly decreased in the PSP group when compared with the placebo group (p value <0.05)."",""short_description"":""Significant reduction in fasting blood glucose levels after 8 weeks of pomegranate seed powder supplementation."",""quantity"":null},{""type"":""hba1c"",""name"":""Glycated Hemoglobin (HbA1c)"",""benefit"":""Post-intervention values of HbA1c were significantly lower in patients treated with PSP compared to the placebo group (p value = 0.01)."",""short_description"":""Significant reduction in glycated hemoglobin levels after 8 weeks of pomegranate seed powder supplementation."",""quantity"":null},{""type"":""total_cholesterol"",""name"":""Total Cholesterol"",""benefit"":null,""short_description"":null,""quantity"":null},{""type"":""triglycerides"",""name"":""Triglycerides (TG)"",""benefit"":null,""short_description"":null,""quantity"":null}]",2026-06-07 12:30:03.425+02,2026-06-07 17:55:40.878+02,,,,,,,,,,,,,,,,,,,,,,,,,,,,,,,,,,,,,,,,
3773186,0,punicalagin,Punicalagin,1,type 2 diabetes mellitus,5A11,http://id.who.int/icd/entity/119724091,Type 2 diabetes mellitus,21,ready,0,6,Effects of pomegranate aril juice and its punicalagin on some key regulators of insulin resistance and oxidative liver injury in streptozotocin-nicotinamide type 2 diabetic rats.,https://pubmed.ncbi.nlm.nih.gov/31006095/,31006095,https://doi.org/10.1007/s11033-019-04813-8,10.1007/s11033-019-04813-8,No PMC available,NULL,Journal Article,Clinical Trial,0,4,NULL,4,punicalagin and type 2 diabetes mellitus,pure compound,"{""1"":{""name"":""insulin resistance"",""benefit_exactly"":""Although the low dose of PCG induced some modulation in STZ-NA diabetic rats, the high dose of PCG did not show any valuable antidiabetic activity, but induced many side effects."",""benefit_descriptive"":""Low dose PCG showed some modulation in insulin resistance, but high dose was ineffective and caused side effects.""}}","[{""type"":""glucose"",""name"":""hyperglycemia"",""benefit"":""Although the low dose of PCG induced some modulation in STZ-NA diabetic rats, the high dose of PCG did not show any valuable antidiabetic activity, but induced many side effects."",""short_description"":""Low dose PCG showed some modulation in hyperglycemia, but high dose was ineffective."",""quantity"":null}]",2026-06-07 12:30:03.425+02,2026-06-07 17:55:40.878+02,,,,,,,,,,,,,,,,,,,,,,,,,,,,,,,,,,,,,,,,
3773186,63,pomegranate,Punica granatum,1,type 2 diabetes mellitus,5A11,http://id.who.int/icd/entity/119724091,Type 2 diabetes mellitus,20,ready,310,9,Effects of pomegranate aril juice and its punicalagin on some key regulators of insulin resistance and oxidative liver injury in streptozotocin-nicotinamide type 2 diabetic rats.,https://pubmed.ncbi.nlm.nih.gov/31006095/,31006095,https://doi.org/10.1007/s11033-019-04813-8,10.1007/s11033-019-04813-8,No PMC available,NULL,Journal Article,Clinical Trial,0,4,NULL,4,pomegranate and type 2 diabetes mellitus,aril juice,"{""1"":{""name"":""insulin resistance"",""benefit_exactly"":""PAJ (especially at the high dose) alleviated significantly (P < 0.05-0.001) most signs of type 2 diabetes including body-weight loss, insulin resistance (IR) and hyperglycemia through decreasing serum tumor necrosis factor-α concentration and the expression of hepatic c-Jun N-terminal kinase, and increasing the skeletal muscle weight and the expression of hepatic insulin receptor substrate-1 in STZ-NA diabetic rats."",""benefit_descriptive"":""PAJ reduced insulin resistance by decreasing TNF-α and c-Jun N-terminal kinase expression while increasing insulin receptor substrate-1 expression.""},""2"":{""name"":""oxidative stress"",""benefit_exactly"":""Also, it decreased significantly (P < 0.001) the oxidative liver injury in STZ-NA diabetic rats through decreasing the hepatic lipid peroxidation and nitric oxide production, and improving the hepatic antioxidant defense system."",""benefit_descriptive"":""PAJ reduced oxidative stress by decreasing lipid peroxidation and nitric oxide production while improving antioxidant defenses.""}}","[{""type"":""glucose"",""name"":""hyperglycemia"",""benefit"":""PAJ (especially at the high dose) alleviated significantly (P < 0.05-0.001) most signs of type 2 diabetes including body-weight loss, insulin resistance (IR) and hyperglycemia through decreasing serum tumor necrosis factor-α concentration and the expression of hepatic c-Jun N-terminal kinase, and increasing the skeletal muscle weight and the expression of hepatic insulin receptor substrate-1 in STZ-NA diabetic rats."",""short_description"":""PAJ significantly reduced hyperglycemia in diabetic rats."",""quantity"":null},{""type"":""lipid_panel"",""name"":""lipid peroxidation"",""benefit"":""Also, it decreased significantly (P < 0.001) the oxidative liver injury in STZ-NA diabetic rats through decreasing the hepatic lipid peroxidation and nitric oxide production, and improving the hepatic antioxidant defense system."",""short_description"":""PAJ significantly decreased hepatic lipid peroxidation."",""quantity"":null},{""type"":""lipid_panel"",""name"":""nitric oxide production"",""benefit"":""Also, it decreased significantly (P < 0.001) the oxidative liver injury in STZ-NA diabetic rats through decreasing the hepatic lipid peroxidation and nitric oxide production, and improving the hepatic antioxidant defense system."",""short_description"":""PAJ significantly decreased hepatic nitric oxide production."",""quantity"":null}]",2026-06-07 12:30:03.425+02,2026-06-07 17:55:40.878+02,,,,,,,,,,,,,,,,,,,,,,,,,,,,,,,,,,,,,,,,
3773187,63,pomegranate,Punica granatum,1,type 2 diabetes mellitus,5A11,http://id.who.int/icd/entity/119724091,Type 2 diabetes mellitus,20,ready,310,10,Effects of pomegranate juice consumption on blood pressure and lipid profile in patients with type 2 diabetes: A single-blind randomized clinical trial.,https://pubmed.ncbi.nlm.nih.gov/30661697/,30661697,https://doi.org/10.1016/j.clnesp.2018.11.013,10.1016/j.clnesp.2018.11.013,No PMC available,NULL,"Journal Article, Randomized Controlled Trial",Randomized Controlled Trial,4,4,NULL,4,pomegranate and type 2 diabetes mellitus,juice,"{""2"":{""name"":""oxidative stress"",""benefit_exactly"":null,""benefit_descriptive"":null},""10"":{""name"":""endothelial dysfunction"",""benefit_exactly"":null,""benefit_descriptive"":null}}","[{""type"":""alt_gpt"",""name"":""systolic blood pressure"",""benefit"":""SBP (13.5 ± 1.5 mmHg vs. 12.3 ± 2.5, P < 0.001)"",""short_description"":""Significant reduction in systolic blood pressure after 6 weeks of pomegranate juice consumption."",""quantity"":""13.5 ± 1.5 mmHg""},{""type"":""alt_gpt"",""name"":""diastolic blood pressure"",""benefit"":""DBP (7.7 ± 1.6 vs. 7.2 ± 1.6 mmHg, P < 0.05)"",""short_description"":""Significant reduction in diastolic blood pressure after 6 weeks of pomegranate juice consumption."",""quantity"":""7.7 ± 1.6 mmHg""},{""type"":""total_cholesterol"",""name"":""total cholesterol"",""benefit"":""TC decreased significantly compared to pre-trial values within the intervention group."",""short_description"":""Total cholesterol levels decreased significantly within the intervention group after 6 weeks."",""quantity"":null},{""type"":""ldl_cholesterol"",""name"":""low-density lipoprotein cholesterol"",""benefit"":""LDL-C decreased significantly compared to pre-trial values within the intervention group."",""short_description"":""LDL-C levels decreased significantly within the intervention group after 6 weeks."",""quantity"":null}]",2026-06-07 12:30:03.425+02,2026-06-07 17:55:40.878+02,,,,,,,,,,,,,,,,,,,,,,,,,,,,,,,,,,,,,,,,
3773188,63,pomegranate,Punica granatum,1,type 2 diabetes mellitus,5A11,http://id.who.int/icd/entity/119724091,Type 2 diabetes mellitus,20,ready,310,11,"Effects of pomegranate juice consumption on oxidative stress in patients with type 2 diabetes: a single-blind, randomized clinical trial.",https://pubmed.ncbi.nlm.nih.gov/27633135/,27633135,https://doi.org/10.1080/09637486.2016.1229760,10.1080/09637486.2016.1229760,No PMC available,NULL,"Journal Article, Randomized Controlled Trial",Randomized Controlled Trial,4,4,NULL,4,pomegranate and type 2 diabetes mellitus,juice,"{""2"":{""name"":""oxidative stress"",""benefit_exactly"":""After six weeks intervention, oxidized LDL and anti-oxidized LDL antibodies decreased and total serum antioxidant capacity and arylesterase activity of paraoxonase increased significantly in the PJ-treated group compared to the control group."",""benefit_descriptive"":""Pomegranate juice reduced oxidative stress markers and increased antioxidant capacity in type 2 diabetic patients.""}}","[{""type"":""alt_gpt"",""name"":""oxidized LDL"",""benefit"":""After six weeks intervention, oxidized LDL and anti-oxidized LDL antibodies decreased significantly in the PJ-treated group compared to the control group."",""short_description"":""Reduction in oxidized LDL levels indicates decreased oxidative stress."",""quantity"":null},{""type"":""alt_gpt"",""name"":""anti-oxidized LDL antibodies"",""benefit"":""After six weeks intervention, oxidized LDL and anti-oxidized LDL antibodies decreased significantly in the PJ-treated group compared to the control group."",""short_description"":""Reduction in anti-oxidized LDL antibodies suggests improved antioxidant defense."",""quantity"":null},{""type"":""alt_gpt"",""name"":""total serum antioxidant capacity"",""benefit"":""After six weeks intervention, oxidized LDL and anti-oxidized LDL antibodies decreased and total serum antioxidant capacity and arylesterase activity of paraoxonase increased significantly in the PJ-treated group compared to the control group."",""short_description"":""Increase in total serum antioxidant capacity indicates enhanced antioxidant protection."",""quantity"":null},{""type"":""alt_gpt"",""name"":""arylesterase activity of paraoxonase"",""benefit"":""After six weeks intervention, oxidized LDL and anti-oxidized LDL antibodies decreased and total serum antioxidant capacity and arylesterase activity of paraoxonase increased significantly in the PJ-treated group compared to the control group."",""short_description"":""Increased arylesterase activity suggests improved paraoxonase function, which is linked to reduced oxidative stress."",""quantity"":null}]",2026-06-07 12:35:41.48+02,2026-06-07 17:55:40.878+02,,,,,,,,,,,,,,,,,,,,,,,,,,,,,,,,,,,,,,,,
3773189,63,pomegranate,Punica granatum,1,type 2 diabetes mellitus,5A11,http://id.who.int/icd/entity/119724091,Type 2 diabetes mellitus,20,ready,310,12,Pomegranate Juice Increases Sirtuin1 Protein in Peripheral Blood Mononuclear Cell from Patients with Type 2 Diabetes: A Randomized Placebo Controlled Clinical Trial.,https://pubmed.ncbi.nlm.nih.gov/29957104/,29957104,https://doi.org/10.1089/met.2017.0146,10.1089/met.2017.0146,No PMC available,NULL,"Journal Article, Randomized Controlled Trial",Randomized Controlled Trial,4,4,NULL,4,pomegranate and type 2 diabetes mellitus,juice,"{""2"":{""name"":""Oxidative stress"",""benefit_exactly"":""SIRT1 was significantly higher (P < 0.0001 for treatment effect) in the PJ group."",""benefit_descriptive"":""Pomegranate juice increased SIRT1 levels, which may mitigate oxidative stress.""},""8"":{""name"":""Inflammation"",""benefit_exactly"":""NF-κB p65 in PBMC was significantly lower (P < 0.01 for treatment effect) in the PJ group."",""benefit_descriptive"":""Pomegranate juice reduced NF-κB p65 levels, indicating anti-inflammatory effects.""}}","[{""type"":""alt_gpt"",""name"":""sE-selectin"",""benefit"":""Plasma sE-selectin concentration decreased significantly in the PJ group at the end of week 12 compared to baseline (P < 0.001 for treatment effect), and the reduction was significant in comparison with the placebo group (P < 0.05 for treatment effect)."",""short_description"":""Pomegranate juice significantly reduced sE-selectin levels, a marker of vascular inflammation."",""quantity"":null}]",2026-06-07 12:35:41.48+02,2026-06-07 17:55:40.878+02,,,,,,,,,,,,,,,,,,,,,,,,,,,,,,,,,,,,,,,,
3773190,63,pomegranate,Punica granatum,1,type 2 diabetes mellitus,5A11,http://id.who.int/icd/entity/119724091,Type 2 diabetes mellitus,20,ready,310,3,Effect of pomegranate seed oil supplementation on the GLUT-4 gene expression and glycemic control in obese people with type 2 diabetes: A randomized controlled clinical trial.,https://pubmed.ncbi.nlm.nih.gov/30945297/,30945297,https://doi.org/10.1002/jcp.28561,10.1002/jcp.28561,No PMC available,NULL,"Journal Article, Randomized Controlled Trial",Randomized Controlled Trial,4,4,NULL,4,pomegranate and type 2 diabetes mellitus,"seed oil, encapsulated","{""1"":{""name"":""insulin resistance"",""benefit_exactly"":""Within-group changes in quantitative insulin sensitivity check index were significant in the PSO group."",""benefit_descriptive"":""Pomegranate seed oil supplementation improved insulin sensitivity in diabetic patients.""},""45"":{""name"":""abnormal glucose transporter type 4 function"",""benefit_exactly"":""GLUT-4 gene expression was increased significantly in the PSO group."",""benefit_descriptive"":""Pomegranate seed oil supplementation increased GLUT-4 gene expression in diabetic patients.""}}","[{""type"":""fasting_plasma_glucose"",""name"":""fasting blood sugar (FBS)"",""benefit"":""After adjusting the age, gender, and baseline values, FBS was significantly decreased."",""short_description"":""Pomegranate seed oil supplementation significantly reduced fasting blood sugar levels."",""quantity"":null},{""type"":""hba1c"",""name"":""HbA1C"",""benefit"":null,""short_description"":null,""quantity"":null},{""type"":""insulin"",""name"":""insulin concentration"",""benefit"":null,""short_description"":null,""quantity"":null},{""type"":""hba1c"",""name"":""HOMA-IR"",""benefit"":null,""short_description"":null,""quantity"":null},{""type"":""hba1c"",""name"":""HOMA-β"",""benefit"":null,""short_description"":null,""quantity"":null}]",2026-06-07 12:30:03.425+02,2026-06-07 17:55:40.878+02,,,,,,,,,,,,,,,,,,,,,,,,,,,,,,,,,,,,,,,,
3773191,0,green tea,Camellia sinensis,1,type 2 diabetes mellitus,5A11,http://id.who.int/icd/entity/119724091,Type 2 diabetes mellitus,21,ready,0,11,The effects of polyphenol-containing antioxidants on oxidative stress and lipid peroxidation in Type 2 diabetes mellitus without complications.,https://pubmed.ncbi.nlm.nih.gov/19834314/,19834314,https://doi.org/10.1007/BF03346565,10.1007/BF03346565,No PMC available,NULL,"Journal Article, Randomized Controlled Trial",Randomized Controlled Trial,4,4,NULL,4,green tea and type 2 diabetes mellitus,extract,"{""2"":{""name"":""oxidative stress"",""benefit_exactly"":""The study group showed a decrease in LDL and an increase in HDL and the comparison with the difference in placebo group was statistically significant (p<0.001 for LDL and p<0.001 for HDL). Accordingly, as a by-product of lipid peroxidation, plasma MDA was decreased in the study group compared to the placebo group (p<0.001). As an indicator of increased antioxidant defense, total plasma GSH and AOC increased more in the study group compared to control group (p<0.001)."",""benefit_descriptive"":""The polyphenol-rich antioxidant supplement reduced oxidative stress markers and improved antioxidant defense in Type 2 Diabetes Mellitus patients.""}}","[{""type"":""ldl_cholesterol"",""name"":""LDL"",""benefit"":""The study group showed a decrease in LDL and the comparison with the difference in placebo group was statistically significant (p<0.001)."",""short_description"":""LDL cholesterol levels decreased significantly in the study group compared to the placebo group."",""quantity"":null},{""type"":""hdl_c_direct"",""name"":""HDL"",""benefit"":""The study group showed an increase in HDL and the comparison with the difference in placebo group was statistically significant (p<0.001)."",""short_description"":""HDL cholesterol levels increased significantly in the study group compared to the placebo group."",""quantity"":null},{""type"":""alt_gpt"",""name"":""plasma malondialdehyde (MDA)"",""benefit"":""plasma MDA was decreased in the study group compared to the placebo group (p<0.001)."",""short_description"":""Plasma MDA levels, a marker of lipid peroxidation, decreased significantly in the study group."",""quantity"":null},{""type"":""alt_gpt"",""name"":""total glutathione (GSH)"",""benefit"":""total plasma GSH and AOC increased more in the study group compared to control group (p<0.001)."",""short_description"":""Total plasma glutathione levels increased significantly in the study group."",""quantity"":null},{""type"":""alt_gpt"",""name"":""antioxidant capacity (AOC)"",""benefit"":""total plasma GSH and AOC increased more in the study group compared to control group (p<0.001)."",""short_description"":""Antioxidant capacity increased significantly in the study group."",""quantity"":null}]",2026-06-07 12:54:41.813+02,2026-06-07 17:55:40.878+02,,,,,,,,,,,,,,,,,,,,,,,,,,,,,,,,,,,,,,,,
3773191,63,pomegranate,Punica granatum,1,type 2 diabetes mellitus,5A11,http://id.who.int/icd/entity/119724091,Type 2 diabetes mellitus,20,ready,310,4,The effects of polyphenol-containing antioxidants on oxidative stress and lipid peroxidation in Type 2 diabetes mellitus without complications.,https://pubmed.ncbi.nlm.nih.gov/19834314/,19834314,https://doi.org/10.1007/BF03346565,10.1007/BF03346565,No PMC available,NULL,"Journal Article, Randomized Controlled Trial",Randomized Controlled Trial,4,4,NULL,4,pomegranate and type 2 diabetes mellitus,extract,"{""2"":{""name"":""oxidative stress"",""benefit_exactly"":""The study group showed a decrease in LDL and an increase in HDL and the comparison with the difference in placebo group was statistically significant (p<0.001 for LDL and p<0.001 for HDL). Accordingly, as a by-product of lipid peroxidation, plasma MDA was decreased in the study group compared to the placebo group (p<0.001). As an indicator of increased antioxidant defense, total plasma GSH and AOC increased more in the study group compared to control group (p<0.001)."",""benefit_descriptive"":""The polyphenol-rich antioxidant supplement reduced oxidative stress markers and improved antioxidant defense in Type 2 Diabetes Mellitus patients.""}}","[{""type"":""ldl_cholesterol"",""name"":""LDL"",""benefit"":""The study group showed a decrease in LDL and the comparison with the difference in placebo group was statistically significant (p<0.001)."",""short_description"":""LDL cholesterol levels decreased significantly in the study group compared to the placebo group."",""quantity"":null},{""type"":""hdl_c_direct"",""name"":""HDL"",""benefit"":""The study group showed an increase in HDL and the comparison with the difference in placebo group was statistically significant (p<0.001)."",""short_description"":""HDL cholesterol levels increased significantly in the study group compared to the placebo group."",""quantity"":null},{""type"":""alt_gpt"",""name"":""plasma malondialdehyde (MDA)"",""benefit"":""plasma MDA was decreased in the study group compared to the placebo group (p<0.001)."",""short_description"":""Plasma MDA levels, a marker of lipid peroxidation, decreased significantly in the study group."",""quantity"":null},{""type"":""alt_gpt"",""name"":""total glutathione (GSH)"",""benefit"":""total plasma GSH and AOC increased more in the study group compared to control group (p<0.001)."",""short_description"":""Total plasma glutathione levels increased significantly in the study group."",""quantity"":null},{""type"":""alt_gpt"",""name"":""antioxidant capacity (AOC)"",""benefit"":""total plasma GSH and AOC increased more in the study group compared to control group (p<0.001)."",""short_description"":""Antioxidant capacity increased significantly in the study group."",""quantity"":null}]",2026-06-07 12:54:41.813+02,2026-06-07 17:55:40.878+02,,,,,,,,,,,,,,,,,,,,,,,,,,,,,,,,,,,,,,,,
3773191,463,ascorbic acid,Ascorbic acid,1,type 2 diabetes mellitus,5A11,http://id.who.int/icd/entity/119724091,Type 2 diabetes mellitus,1,ready,16,1,The effects of polyphenol-containing antioxidants on oxidative stress and lipid peroxidation in Type 2 diabetes mellitus without complications.,https://pubmed.ncbi.nlm.nih.gov/19834314/,19834314,https://doi.org/10.1007/BF03346565,10.1007/BF03346565,No PMC available,NULL,"Journal Article, Randomized Controlled Trial",Randomized Controlled Trial,4,4,NULL,4,ascorbic acid and type 2 diabetes mellitus,supplement,"{""2"":{""name"":""oxidative stress"",""benefit_exactly"":""The study group showed a decrease in LDL and an increase in HDL and the comparison with the difference in placebo group was statistically significant (p<0.001 for LDL and p<0.001 for HDL). Accordingly, as a by-product of lipid peroxidation, plasma MDA was decreased in the study group compared to the placebo group (p<0.001). As an indicator of increased antioxidant defense, total plasma GSH and AOC increased more in the study group compared to control group (p<0.001)."",""benefit_descriptive"":""The polyphenol-rich antioxidant supplement reduced oxidative stress markers and improved antioxidant defense in Type 2 Diabetes Mellitus patients.""}}","[{""type"":""ldl_cholesterol"",""name"":""LDL"",""benefit"":""The study group showed a decrease in LDL and the comparison with the difference in placebo group was statistically significant (p<0.001)."",""short_description"":""LDL cholesterol levels decreased significantly in the study group compared to the placebo group."",""quantity"":null},{""type"":""hdl_c_direct"",""name"":""HDL"",""benefit"":""The study group showed an increase in HDL and the comparison with the difference in placebo group was statistically significant (p<0.001)."",""short_description"":""HDL cholesterol levels increased significantly in the study group compared to the placebo group."",""quantity"":null},{""type"":""alt_gpt"",""name"":""plasma malondialdehyde (MDA)"",""benefit"":""plasma MDA was decreased in the study group compared to the placebo group (p<0.001)."",""short_description"":""Plasma MDA levels, a marker of lipid peroxidation, decreased significantly in the study group."",""quantity"":null},{""type"":""alt_gpt"",""name"":""total glutathione (GSH)"",""benefit"":""total plasma GSH and AOC increased more in the study group compared to control group (p<0.001)."",""short_description"":""Total plasma glutathione levels increased significantly in the study group."",""quantity"":null},{""type"":""alt_gpt"",""name"":""antioxidant capacity (AOC)"",""benefit"":""total plasma GSH and AOC increased more in the study group compared to control group (p<0.001)."",""short_description"":""Antioxidant capacity increased significantly in the study group."",""quantity"":null}]",2026-06-07 12:54:41.813+02,2026-06-07 17:55:40.878+02,,,,,,,,,,,,,,,,,,,,,,,,,,,,,,,,,,,,,,,,
3773192,0,glibenclamide,Punica granatum,1,type 2 diabetes mellitus,5A11,http://id.who.int/icd/entity/119724091,Type 2 diabetes mellitus,21,ready,0,12,"The effect of pomegranate fresh juice versus pomegranate seed powder on metabolic indices, lipid profile, inflammatory biomarkers, and the histopathology of pancreatic islets of Langerhans in streptozotocin-nicotinamide induced type 2 diabetic Sprague-Dawley rats.",https://pubmed.ncbi.nlm.nih.gov/28288617/,28288617,https://doi.org/10.1186/s12906-017-1667-6,10.1186/s12906-017-1667-6,https://www.ncbi.nlm.nih.gov/pmc/articles/PMC5348881/,PMC5348881,Journal Article,Controlled Clinical Trial,0,4,NULL,4,glibenclamide and type 2 diabetes mellitus,aqueous suspension,"{""18"":{""name"":""hyperglycemia"",""benefit_exactly"":""standard antidiabetic drug"",""benefit_descriptive"":""Glibenclamide is a standard drug used to lower blood glucose levels in diabetes.""}}","[{""type"":""glucose"",""name"":""fasting blood sugar"",""benefit"":""standard antidiabetic drug"",""short_description"":""Glibenclamide is used to reduce fasting blood sugar levels in diabetic rats."",""quantity"":null}]",2026-06-07 12:35:41.48+02,2026-06-07 17:55:40.878+02,,,,,,,,,,,,,,,,,,,,,,,,,,,,,,,,,,,,,,,,
3773192,63,pomegranate,Punica granatum,1,type 2 diabetes mellitus,5A11,http://id.who.int/icd/entity/119724091,Type 2 diabetes mellitus,20,ready,310,5,"The effect of pomegranate fresh juice versus pomegranate seed powder on metabolic indices, lipid profile, inflammatory biomarkers, and the histopathology of pancreatic islets of Langerhans in streptozotocin-nicotinamide induced type 2 diabetic Sprague-Dawley rats.",https://pubmed.ncbi.nlm.nih.gov/28288617/,28288617,https://doi.org/10.1186/s12906-017-1667-6,10.1186/s12906-017-1667-6,https://www.ncbi.nlm.nih.gov/pmc/articles/PMC5348881/,PMC5348881,Journal Article,Controlled Clinical Trial,0,4,NULL,4,pomegranate and type 2 diabetes mellitus,seed powder,"{""2"":{""name"":""oxidative stress"",""benefit_exactly"":""anti-oxidants play potential role for diabetes treatment"",""benefit_descriptive"":""Pomegranate seed powder may reduce oxidative stress, which is a key factor in diabetes progression.""},""18"":{""name"":""hyperglycemia"",""benefit_exactly"":""polyphenols may augment glucose uptake by periphery tissues which would decrease glycaemia"",""benefit_descriptive"":""Pomegranate seed powder may help lower blood glucose levels by enhancing glucose uptake in peripheral tissues.""}}","[{""type"":""glucose"",""name"":""fasting blood sugar"",""benefit"":""decreased glycaemia"",""short_description"":""Pomegranate seed powder may reduce fasting blood sugar levels."",""quantity"":null},{""type"":""lipid_panel"",""name"":""lipid profile"",""benefit"":""anti-hyperlipidemic effects"",""short_description"":""Pomegranate seed powder may improve lipid profile in diabetic rats."",""quantity"":null},{""type"":""c_reactive_protein"",""name"":""inflammatory biomarkers"",""benefit"":""anti-inflammatory effects"",""short_description"":""Pomegranate seed powder may reduce inflammatory markers in diabetic rats."",""quantity"":null}]",2026-06-07 12:35:41.48+02,2026-06-07 17:55:40.878+02,,,,,,,,,,,,,,,,,,,,,,,,,,,,,,,,,,,,,,,,
3773193,63,pomegranate,Punica granatum,1,type 2 diabetes mellitus,5A11,http://id.who.int/icd/entity/119724091,Type 2 diabetes mellitus,20,ready,310,6,Cholesterol-lowering effect of concentrated pomegranate juice consumption in type II diabetic patients with hyperlipidemia.,https://pubmed.ncbi.nlm.nih.gov/17048194/,17048194,https://doi.org/10.1024/0300-9831.76.3.147,10.1024/0300-9831.76.3.147,No PMC available,NULL,Journal Article,Clinical Trial,0,4,NULL,4,pomegranate and type 2 diabetes mellitus,concentrated juice,"{""9"":{""name"":""hyperlipidemia"",""benefit_exactly"":""significant reductions were seen in total cholesterol (p < 0.006), low-density lipoprotein-cholesterol (LDL-c) (p < 0.006), LDL-c/high-density lipoprotein-cholesterol (HDL-c) (p < 0.001), and total cholesterol/HDL-c (p < 0.001)"",""benefit_descriptive"":""CPJ consumption significantly reduced total cholesterol, LDL-c, and the ratios of LDL-c/HDL-c and total cholesterol/HDL-c in type 2 diabetic patients with hyperlipidemia.""}}","[{""type"":""total_cholesterol"",""name"":""total cholesterol"",""benefit"":""significant reductions were seen in total cholesterol (p < 0.006)"",""short_description"":""Total cholesterol levels significantly decreased after CPJ consumption."",""quantity"":null},{""type"":""ldl_cholesterol"",""name"":""low-density lipoprotein-cholesterol (LDL-c)"",""benefit"":""significant reductions were seen in low-density lipoprotein-cholesterol (LDL-c) (p < 0.006)"",""short_description"":""LDL-c levels significantly decreased after CPJ consumption."",""quantity"":null},{""type"":""hdl_c_direct"",""name"":""high-density lipoprotein-cholesterol (HDL-c)"",""benefit"":null,""short_description"":null,""quantity"":null},{""type"":""triglycerides"",""name"":""serum triacylglycerol"",""benefit"":null,""short_description"":null,""quantity"":null}]",2026-06-07 13:01:56.945+02,2026-06-07 17:55:40.878+02,,,,,,,,,,,,,,,,,,,,,,,,,,,,,,,,,,,,,,,,
3773194,63,pomegranate,Punica granatum,1,type 2 diabetes mellitus,5A11,http://id.who.int/icd/entity/119724091,Type 2 diabetes mellitus,20,ready,310,7,Pomegranate seed oil consumption during a period of high-fat feeding reduces weight gain and reduces type 2 diabetes risk in CD-1 mice.,https://pubmed.ncbi.nlm.nih.gov/19079947/,19079947,https://doi.org/10.1017/S0007114508159001,10.1017/S0007114508159001,No PMC available,NULL,Journal Article,Clinical Trial,0,4,NULL,4,pomegranate and type 2 diabetes mellitus,seed oil,"{""1"":{""name"":""insulin resistance"",""benefit_exactly"":""POMo intake was associated with an improvement in insulin sensitivity"",""benefit_descriptive"":""Pomegranate seed oil improved insulin sensitivity, potentially reducing type 2 diabetes risk.""}}","[{""type"":""insulin"",""name"":""insulin"",""benefit"":""POMo intake was associated with an improvement in insulin sensitivity"",""short_description"":""Pomegranate seed oil improved insulin levels, indicating better glucose regulation."",""quantity"":null}]",2026-06-07 13:16:54.189+02,2026-06-07 17:55:40.878+02,,,,,,,,,,,,,,,,,,,,,,,,,,,,,,,,,,,,,,,,
3773194,63,pomegranate,Punica granatum,4,obesity,5B80.0,http://id.who.int/icd/entity/1664144906,Overweight,2,ready,24,1,Pomegranate seed oil consumption during a period of high-fat feeding reduces weight gain and reduces type 2 diabetes risk in CD-1 mice.,https://pubmed.ncbi.nlm.nih.gov/19079947/,19079947,https://doi.org/10.1017/S0007114508159001,10.1017/S0007114508159001,No PMC available,NULL,Journal Article,Clinical Trial,0,4,NULL,4,pomegranate and obesity,seed oil,"{""13"":{""name"":""adipose tissue accumulation"",""benefit_exactly"":""POMo only altered body weight accumulation, final body weight, leptin, adiponectin and insulin"",""benefit_descriptive"":""Pomegranate seed oil reduced body weight and improved adipokine levels, suggesting reduced adipose tissue accumulation.""}}","[{""type"":""leptin"",""name"":""leptin"",""benefit"":""HF mice had a greater concentration of leptin and a lower concentration of adiponectin compared to HF + POMo mice"",""short_description"":""Pomegranate seed oil reduced leptin levels, indicating reduced adipose tissue accumulation."",""quantity"":null},{""type"":""adiponectin"",""name"":""adiponectin"",""benefit"":""HF mice had a greater concentration of leptin and a lower concentration of adiponectin compared to HF + POMo mice"",""short_description"":""Pomegranate seed oil increased adiponectin levels, suggesting improved metabolic health."",""quantity"":null}]",2026-06-07 13:16:54.189+02,2026-06-07 17:55:40.878+02,,,,,,,,,,,,,,,,,,,,,,,,,,,,,,,,,,,,,,,,
3773195,63,pomegranate,Punica granatum,1,type 2 diabetes mellitus,5A11,http://id.who.int/icd/entity/119724091,Type 2 diabetes mellitus,20,ready,310,14,Pomegranate juice: a heart-healthy fruit juice.,https://pubmed.ncbi.nlm.nih.gov/19146506/,19146506,https://doi.org/10.1111/j.1753-4887.2008.00133.x,10.1111/j.1753-4887.2008.00133.x,No PMC available,NULL,"Journal Article, Review",Review,2,2,NULL,2,pomegranate and type 2 diabetes mellitus,juice,"{""2"":{""name"":""oxidative stress"",""benefit_exactly"":""Pomegranate juice decreased lipid peroxidation in patients with type 2 diabetes"",""benefit_descriptive"":""Reduced lipid peroxidation in diabetic patients""}}","[{""type"":""alt_gpt"",""name"":""lipid peroxidation"",""benefit"":""Pomegranate juice decreased lipid peroxidation in patients with type 2 diabetes"",""short_description"":""Reduced lipid peroxidation in diabetic patients"",""quantity"":null}]",2026-06-07 12:02:59.738+02,2026-06-07 16:20:05.542+02,,,,,,,,,,,,,,,,,,,,,,,,,,,,,,,,,,,,,,,,
3773195,63,pomegranate,Punica granatum,2,atherosclerosis,8B11.0,http://id.who.int/icd/entity/1070137396,Cerebral ischaemic stroke due to extracranial large artery atherosclerosis,2,ready,8,2,Pomegranate juice: a heart-healthy fruit juice.,https://pubmed.ncbi.nlm.nih.gov/19146506/,19146506,https://doi.org/10.1111/j.1753-4887.2008.00133.x,10.1111/j.1753-4887.2008.00133.x,No PMC available,NULL,"Journal Article, Review",Review,2,2,NULL,2,pomegranate and atherosclerosis,juice,"{""11"":{""name"":""oxidative stress"",""benefit_exactly"":""Pomegranate juice significantly reduced atherosclerotic lesion areas in immune-deficient mice"",""benefit_descriptive"":""Reduced atherosclerotic lesion areas in mice""}}","[{""type"":""alt_gpt"",""name"":""intima media thickness"",""benefit"":""Pomegranate juice significantly reduced intima media thickness in cardiac patients on medications"",""short_description"":""Reduced intima media thickness in cardiac patients"",""quantity"":null}]",2026-06-07 12:02:59.738+02,2026-06-07 16:20:05.542+02,,,,,,,,,,,,,,,,,,,,,,,,,,,,,,,,,,,,,,,,
3773195,63,pomegranate,Punica granatum,3,hypertension,BA00,http://id.who.int/icd/entity/761947693,Essential hypertension,2,ready,24,2,Pomegranate juice: a heart-healthy fruit juice.,https://pubmed.ncbi.nlm.nih.gov/19146506/,19146506,https://doi.org/10.1111/j.1753-4887.2008.00133.x,10.1111/j.1753-4887.2008.00133.x,No PMC available,NULL,"Journal Article, Review",Review,2,2,NULL,2,pomegranate and hypertension,juice,"{""49"":{""name"":""increased systolic blood pressure"",""benefit_exactly"":""Pomegranate juice decreased systolic blood pressure and serum angiotensin converting enzyme activity in hypertensive patients"",""benefit_descriptive"":""Reduced systolic blood pressure and angiotensin converting enzyme activity""}}","[{""type"":""alt_gpt"",""name"":""systolic blood pressure"",""benefit"":""Pomegranate juice decreased systolic blood pressure and serum angiotensin converting enzyme activity in hypertensive patients"",""short_description"":""Reduced systolic blood pressure in hypertensive patients"",""quantity"":null},{""type"":""alt_gpt"",""name"":""serum angiotensin converting enzyme activity"",""benefit"":""Pomegranate juice decreased systolic blood pressure and serum angiotensin converting enzyme activity in hypertensive patients"",""short_description"":""Reduced serum angiotensin converting enzyme activity in hypertensive patients"",""quantity"":null}]",2026-06-07 12:02:59.738+02,2026-06-07 16:20:05.542+02,,,,,,,,,,,,,,,,,,,,,,,,,,,,,,,,,,,,,,,,
3773198,134,sanguisorba officinalis,Sanguisorba officinalis,1,type 2 diabetes mellitus,5A11,http://id.who.int/icd/entity/119724091,Type 2 diabetes mellitus,1,ready,4,1,Gallic Acid and Diabetes Mellitus: Its Association with Oxidative Stress.,https://pubmed.ncbi.nlm.nih.gov/34885698/,34885698,https://doi.org/10.3390/molecules26237115,10.3390/molecules26237115,https://www.ncbi.nlm.nih.gov/pmc/articles/PMC8658971/,PMC8658971,"Journal Article, Review",Review,2,2,NULL,2,sanguisorba officinalis and type 2 diabetes mellitus,herbal extract,"{""2"":{""name"":""oxidative stress"",""benefit_exactly"":""GA isolated from DiYu showed the neuroprotection against amyloid-induced neuronal apoptosis."",""benefit_descriptive"":""Sanguisorba officinalis extract, containing gallic acid, has neuroprotective and antioxidant properties that may help reduce oxidative stress in diabetes.""}}","[{""type"":""glucose"",""name"":""glucose"",""benefit"":null,""short_description"":null,""quantity"":null}]",2026-06-07 12:55:55.955+02,2026-06-07 16:20:05.542+02,,,,,,,,,,,,,,,,,,,,,,,,,,,,,,,,,,,,,,,,
3773198,458,catechin,Catechin,1,type 2 diabetes mellitus,5A11,http://id.who.int/icd/entity/119724091,Type 2 diabetes mellitus,1,ready,4,1,Gallic Acid and Diabetes Mellitus: Its Association with Oxidative Stress.,https://pubmed.ncbi.nlm.nih.gov/34885698/,34885698,https://doi.org/10.3390/molecules26237115,10.3390/molecules26237115,https://www.ncbi.nlm.nih.gov/pmc/articles/PMC8658971/,PMC8658971,"Journal Article, Review",Review,2,2,NULL,2,catechin and type 2 diabetes mellitus,natural flavonoid,"{""2"":{""name"":""oxidative stress"",""benefit_exactly"":""The antioxidant and antiglycation properties of some edible plants such as has been proven to be associated with the bioactivities of quercetin, catechin, and GA, which could inhibit the glycolytic enzyme activity in RAW264.7 macrophages."",""benefit_descriptive"":""Catechin has antioxidant and antiglycation properties that may help reduce oxidative stress in diabetes.""}}","[{""type"":""glucose"",""name"":""glucose"",""benefit"":null,""short_description"":null,""quantity"":null}]",2026-06-07 12:55:55.955+02,2026-06-07 16:20:05.542+02,,,,,,,,,,,,,,,,,,,,,,,,,,,,,,,,,,,,,,,,
3773198,720,tea,Camellia sinensis,1,type 2 diabetes mellitus,5A11,http://id.who.int/icd/entity/119724091,Type 2 diabetes mellitus,3,ready,12,2,Gallic Acid and Diabetes Mellitus: Its Association with Oxidative Stress.,https://pubmed.ncbi.nlm.nih.gov/34885698/,34885698,https://doi.org/10.3390/molecules26237115,10.3390/molecules26237115,https://www.ncbi.nlm.nih.gov/pmc/articles/PMC8658971/,PMC8658971,"Journal Article, Review",Review,2,2,NULL,2,tea and type 2 diabetes mellitus,polyphenol-rich extract,"{""2"":{""name"":""oxidative stress"",""benefit_exactly"":""The health benefits of tea mostly come from the phenolic compounds that illustrated a wide range of pharmacological activities regarding antioxidant, anti-inflammation, and protective properties against severe metabolic disorders, including cardiovascular and neurodegenerative diseases, cancer, hyperlipidemia, obesity, and diabetes."",""benefit_descriptive"":""Tea polyphenols, including gallic acid, have antioxidant properties that may help reduce oxidative stress in diabetes.""}}","[{""type"":""glucose"",""name"":""glucose"",""benefit"":null,""short_description"":null,""quantity"":null}]",2026-06-07 12:55:55.955+02,2026-06-07 16:20:05.542+02,,,,,,,,,,,,,,,,,,,,,,,,,,,,,,,,,,,,,,,,
3773198,0,punica granatum,Punica granatum,1,type 2 diabetes mellitus,5A11,http://id.who.int/icd/entity/119724091,Type 2 diabetes mellitus,21,ready,0,18,Gallic Acid and Diabetes Mellitus: Its Association with Oxidative Stress.,https://pubmed.ncbi.nlm.nih.gov/34885698/,34885698,https://doi.org/10.3390/molecules26237115,10.3390/molecules26237115,https://www.ncbi.nlm.nih.gov/pmc/articles/PMC8658971/,PMC8658971,"Journal Article, Review",Review,2,2,NULL,2,punica granatum and type 2 diabetes mellitus,herbal extract,"{""2"":{""name"":""oxidative stress"",""benefit_exactly"":""The bioactive activities of GA and its derivates found in traditional Chinese medicine are associated with the improvement of the metabolic profile in the host following treatment with the related herbal remedy."",""benefit_descriptive"":""Pomegranate extract, containing gallic acid, has antioxidant properties that may help reduce oxidative stress in diabetes.""}}","[{""type"":""glucose"",""name"":""glucose"",""benefit"":null,""short_description"":null,""quantity"":null}]",2026-06-07 12:55:55.955+02,2026-06-07 16:20:05.542+02,,,,,,,,,,,,,,,,,,,,,,,,,,,,,,,,,,,,,,,,
3773199,63,pomegranate,Punica granatum,1,type 2 diabetes mellitus,5A11,http://id.who.int/icd/entity/119724091,Type 2 diabetes mellitus,20,ready,310,18,Polyphenols Rich Diets and Risk of Type 2 Diabetes.,https://pubmed.ncbi.nlm.nih.gov/33923263/,33923263,https://doi.org/10.3390/nu13051445,10.3390/nu13051445,https://www.ncbi.nlm.nih.gov/pmc/articles/PMC8146556/,PMC8146556,"Journal Article, Review",Review,2,2,NULL,2,pomegranate and type 2 diabetes mellitus,dietary intake,"{""1"":{""name"":""insulin resistance"",""benefit_exactly"":""beverages containing pomegranate polyphenols (mainly tannins) were found to reduce the postprandial glycemic response to a bread meal"",""benefit_descriptive"":""Reduces postprandial glycemic response""}}","[{""type"":""glucose"",""name"":""postprandial glycemic response"",""benefit"":""reduce the postprandial glycemic response to a bread meal"",""short_description"":""Reduces postprandial glycemic response"",""quantity"":null}]",2026-06-07 12:59:09.855+02,2026-06-07 16:20:05.542+02,,,,,,,,,,,,,,,,,,,,,,,,,,,,,,,,,,,,,,,,
3773199,237,onion,Allium cepa,1,type 2 diabetes mellitus,5A11,http://id.who.int/icd/entity/119724091,Type 2 diabetes mellitus,1,ready,4,1,Polyphenols Rich Diets and Risk of Type 2 Diabetes.,https://pubmed.ncbi.nlm.nih.gov/33923263/,33923263,https://doi.org/10.3390/nu13051445,10.3390/nu13051445,https://www.ncbi.nlm.nih.gov/pmc/articles/PMC8146556/,PMC8146556,"Journal Article, Review",Review,2,2,NULL,2,onion and type 2 diabetes mellitus,dietary intake,"{""1"":{""name"":""insulin resistance"",""benefit_exactly"":""dietary raw yellow onion at the doses of 100 to 160 g/day improved doxorubicin-related insulin resistance and hyperglycemia"",""benefit_descriptive"":""Improves insulin resistance and hyperglycemia""}}","[{""type"":""glucose"",""name"":""insulin resistance"",""benefit"":""improved doxorubicin-related insulin resistance and hyperglycemia"",""short_description"":""Improves insulin resistance and hyperglycemia"",""quantity"":""100 to 160 g/day""}]",2026-06-07 12:59:09.855+02,2026-06-07 16:20:05.542+02,,,,,,,,,,,,,,,,,,,,,,,,,,,,,,,,,,,,,,,,
3773199,260,broccoli,Brassica oleracea var. italica,1,type 2 diabetes mellitus,5A11,http://id.who.int/icd/entity/119724091,Type 2 diabetes mellitus,1,ready,4,1,Polyphenols Rich Diets and Risk of Type 2 Diabetes.,https://pubmed.ncbi.nlm.nih.gov/33923263/,33923263,https://doi.org/10.3390/nu13051445,10.3390/nu13051445,https://www.ncbi.nlm.nih.gov/pmc/articles/PMC8146556/,PMC8146556,"Journal Article, Review",Review,2,2,NULL,2,broccoli and type 2 diabetes mellitus,dietary intake,"{""1"":{""name"":""insulin resistance"",""benefit_exactly"":""the consumption of 10 g/day of broccoli sprouts for 4 weeks resulted in a significant decrease in fasting serum insulin concentration and HOMA-index"",""benefit_descriptive"":""Reduces fasting serum insulin concentration and HOMA-index""}}","[{""type"":""insulin"",""name"":""fasting serum insulin concentration"",""benefit"":""significant decrease in fasting serum insulin concentration"",""short_description"":""Reduces fasting serum insulin concentration"",""quantity"":""10 g/day""},{""type"":""hba1c"",""name"":""HOMA-index"",""benefit"":""significant decrease in HOMA-index"",""short_description"":""Reduces HOMA-index"",""quantity"":""10 g/day""}]",2026-06-07 12:59:09.855+02,2026-06-07 16:20:05.542+02,,,,,,,,,,,,,,,,,,,,,,,,,,,,,,,,,,,,,,,,
3773199,457,anthocyanins,Punica granatum,1,type 2 diabetes mellitus,5A11,http://id.who.int/icd/entity/119724091,Type 2 diabetes mellitus,3,ready,12,1,Polyphenols Rich Diets and Risk of Type 2 Diabetes.,https://pubmed.ncbi.nlm.nih.gov/33923263/,33923263,https://doi.org/10.3390/nu13051445,10.3390/nu13051445,https://www.ncbi.nlm.nih.gov/pmc/articles/PMC8146556/,PMC8146556,"Journal Article, Review",Review,2,2,NULL,2,anthocyanins and type 2 diabetes mellitus,dietary intake,"{""1"":{""name"":""insulin resistance"",""benefit_exactly"":""anthocyanins-rich diets with substantial consumption of specific whole fruits, including blueberries, grapes, and apples, was significantly associated with a reduced risk of diabetes"",""benefit_descriptive"":""Reduces risk of type 2 diabetes""}}","[{""type"":""hba1c"",""name"":""glycated hemoglobin"",""benefit"":""purified anthocyanins moderately reduced glycated hemoglobin"",""short_description"":""Lowers glycated hemoglobin levels"",""quantity"":null},{""type"":""glucose"",""name"":""post-prandial glucose"",""benefit"":""anthocyanin-rich mixed berry preparations on post-prandial glucose and insulin response thereby suggesting an improved insulin sensitivity"",""short_description"":""Reduces post-prandial glucose levels"",""quantity"":null}]",2026-06-07 12:59:09.855+02,2026-06-07 16:20:05.542+02,,,,,,,,,,,,,,,,,,,,,,,,,,,,,,,,,,,,,,,,
3773199,0,polyphenols,Punica granatum,1,type 2 diabetes mellitus,5A11,http://id.who.int/icd/entity/119724091,Type 2 diabetes mellitus,21,ready,0,19,Polyphenols Rich Diets and Risk of Type 2 Diabetes.,https://pubmed.ncbi.nlm.nih.gov/33923263/,33923263,https://doi.org/10.3390/nu13051445,10.3390/nu13051445,https://www.ncbi.nlm.nih.gov/pmc/articles/PMC8146556/,PMC8146556,"Journal Article, Review",Review,2,2,NULL,2,polyphenols and type 2 diabetes mellitus,dietary intake,"{""1"":{""name"":""insulin resistance"",""benefit_exactly"":""regular dietary consumption of such foods favorably affects carbohydrate metabolism"",""benefit_descriptive"":""Improves insulin sensitivity and glucose metabolism""},""2"":{""name"":""oxidative stress"",""benefit_exactly"":""Polyphenols are a group of plant-derived compounds with anti-inflammatory and antioxidant properties"",""benefit_descriptive"":""Reduces oxidative stress and inflammation""}}","[{""type"":""glucose"",""name"":""fasting plasma glucose"",""benefit"":""consumption of anthocyanins for more than 8 weeks in doses of more than 300 mg/day significantly decreases fasting and post-prandial glucose"",""short_description"":""Reduces fasting and post-prandial glucose levels"",""quantity"":""300 mg/day""},{""type"":""hba1c"",""name"":""glycated hemoglobin"",""benefit"":""purified anthocyanins moderately reduced glycated hemoglobin"",""short_description"":""Lowers glycated hemoglobin levels"",""quantity"":null},{""type"":""insulin"",""name"":""insulin sensitivity"",""benefit"":""consumption of anthocyanin-rich mixed berry preparations on post-prandial glucose and insulin response thereby suggesting an improved insulin sensitivity"",""short_description"":""Improves insulin sensitivity"",""quantity"":null}]",2026-06-07 12:59:09.855+02,2026-06-07 16:20:05.542+02,,,,,,,,,,,,,,,,,,,,,,,,,,,,,,,,,,,,,,,,
3773199,24,apple,Malus domestica,1,type 2 diabetes mellitus,5A11,http://id.who.int/icd/entity/119724091,Type 2 diabetes mellitus,4,ready,16,2,Polyphenols Rich Diets and Risk of Type 2 Diabetes.,https://pubmed.ncbi.nlm.nih.gov/33923263/,33923263,https://doi.org/10.3390/nu13051445,10.3390/nu13051445,https://www.ncbi.nlm.nih.gov/pmc/articles/PMC8146556/,PMC8146556,"Journal Article, Review",Review,2,2,NULL,2,apple and type 2 diabetes mellitus,dietary intake,"{""1"":{""name"":""insulin resistance"",""benefit_exactly"":""apples are rich in bioactive polyphenols and were found to decrease postprandial blood glucose"",""benefit_descriptive"":""Reduces postprandial blood glucose""}}","[{""type"":""glucose"",""name"":""postprandial blood glucose"",""benefit"":""decrease postprandial blood glucose"",""short_description"":""Reduces postprandial blood glucose"",""quantity"":null}]",2026-06-07 12:59:09.855+02,2026-06-07 16:20:05.542+02,,,,,,,,,,,,,,,,,,,,,,,,,,,,,,,,,,,,,,,,
3773199,468,flavonoids,Punica granatum,1,type 2 diabetes mellitus,5A11,http://id.who.int/icd/entity/119724091,Type 2 diabetes mellitus,1,ready,4,1,Polyphenols Rich Diets and Risk of Type 2 Diabetes.,https://pubmed.ncbi.nlm.nih.gov/33923263/,33923263,https://doi.org/10.3390/nu13051445,10.3390/nu13051445,https://www.ncbi.nlm.nih.gov/pmc/articles/PMC8146556/,PMC8146556,"Journal Article, Review",Review,2,2,NULL,2,flavonoids and type 2 diabetes mellitus,dietary intake,"{""1"":{""name"":""insulin resistance"",""benefit_exactly"":""an increase in the total dietary flavonoids intake by approximately 500 mg/day is associated with a significant decrease of the risk to develop type 2 diabetes"",""benefit_descriptive"":""Reduces risk of type 2 diabetes""}}","[{""type"":""glucose"",""name"":""glucose metabolism"",""benefit"":""diets rich in polyphenols, particularly flavonoids, play a role in the prevention of type 2 diabetes"",""short_description"":""Improves glucose metabolism"",""quantity"":""500 mg/day""}]",2026-06-07 12:59:09.855+02,2026-06-07 16:20:05.542+02,,,,,,,,,,,,,,,,,,,,,,,,,,,,,,,,,,,,,,,,
3773199,852,whole grains,Punica granatum,1,type 2 diabetes mellitus,5A11,http://id.who.int/icd/entity/119724091,Type 2 diabetes mellitus,1,ready,4,1,Polyphenols Rich Diets and Risk of Type 2 Diabetes.,https://pubmed.ncbi.nlm.nih.gov/33923263/,33923263,https://doi.org/10.3390/nu13051445,10.3390/nu13051445,https://www.ncbi.nlm.nih.gov/pmc/articles/PMC8146556/,PMC8146556,"Journal Article, Review",Review,2,2,NULL,2,whole grains and type 2 diabetes mellitus,dietary intake,"{""1"":{""name"":""insulin resistance"",""benefit_exactly"":""inverse associations between whole-grain intake, fasting insulin, and insulin sensitivity have been reported"",""benefit_descriptive"":""Improves insulin sensitivity""}}","[{""type"":""glucose"",""name"":""postprandial hyperglycemia"",""benefit"":""ferulic acid contained in whole grains decreases cellular glucose uptake into epithelial cells in the small intestine and therefore might account for the attenuation of postprandial hyperglycemia by inhibition of glucose absorption"",""short_description"":""Reduces postprandial hyperglycemia"",""quantity"":null}]",2026-06-07 12:59:09.855+02,2026-06-07 16:20:05.542+02,,,,,,,,,,,,,,,,,,,,,,,,,,,,,,,,,,,,,,,,
3773200,535,buckwheat,Fagopyrum esculentum,1,type 2 diabetes mellitus,5A11,http://id.who.int/icd/entity/119724091,Type 2 diabetes mellitus,1,ready,4,1,New Insights into the Efficacy of Aspalathin and Other Related Phytochemicals in Type 2 Diabetes-A Review.,https://pubmed.ncbi.nlm.nih.gov/35008779/,35008779,https://doi.org/10.3390/ijms23010356,10.3390/ijms23010356,https://www.ncbi.nlm.nih.gov/pmc/articles/PMC8745648/,PMC8745648,"Journal Article, Review",Review,2,2,0,2,buckwheat and type 2 diabetes mellitus,"raw, processed, flour, heat processing","{""1"":{""name"":""insulin resistance"",""benefit_exactly"":""The review covered the role of these compounds in attenuating insulin resistance and enhancing glucose metabolism"",""benefit_descriptive"":""Buckwheat and its compounds help reduce insulin resistance and improve glucose metabolism.""},""2"":{""name"":""oxidative stress"",""benefit_exactly"":""alleviating gut dysbiosis and associated oxidative stress and inflammation"",""benefit_descriptive"":""Buckwheat alleviates oxidative stress associated with type 2 diabetes.""},""8"":{""name"":""inflammation"",""benefit_exactly"":""alleviating gut dysbiosis and associated oxidative stress and inflammation"",""benefit_descriptive"":""Buckwheat reduces inflammation linked to type 2 diabetes.""},""44"":{""name"":""hyperuricemia"",""benefit_exactly"":""alleviating gut dysbiosis and associated oxidative stress and inflammation, and hyperuricemia associated with T2D"",""benefit_descriptive"":""Buckwheat helps manage hyperuricemia in type 2 diabetes.""}}","[{""type"":""glucose"",""name"":""glucose metabolism"",""benefit"":""enhancing glucose metabolism"",""short_description"":""Improved glucose metabolism is observed with buckwheat."",""quantity"":null},{""type"":""hba1c"",""name"":""glycated hemoglobin"",""benefit"":null,""short_description"":null,""quantity"":null}]",2026-06-07 13:00:30.855+02,2026-06-07 16:20:05.542+02,,,,,,,,,,,,,,,,,,,,,,,,,,,,,,,,,,,,,,,,
3773200,0,açaí,Euterpe oleracea,1,type 2 diabetes mellitus,5A11,http://id.who.int/icd/entity/119724091,Type 2 diabetes mellitus,21,ready,0,20,New Insights into the Efficacy of Aspalathin and Other Related Phytochemicals in Type 2 Diabetes-A Review.,https://pubmed.ncbi.nlm.nih.gov/35008779/,35008779,https://doi.org/10.3390/ijms23010356,10.3390/ijms23010356,https://www.ncbi.nlm.nih.gov/pmc/articles/PMC8745648/,PMC8745648,"Journal Article, Review",Review,2,2,0,2,açaí and type 2 diabetes mellitus,"raw, juice, pulp, processed","{""1"":{""name"":""insulin resistance"",""benefit_exactly"":""The review covered the role of these compounds in attenuating insulin resistance and enhancing glucose metabolism"",""benefit_descriptive"":""Açaí and its compounds help reduce insulin resistance and improve glucose metabolism.""},""2"":{""name"":""oxidative stress"",""benefit_exactly"":""alleviating gut dysbiosis and associated oxidative stress and inflammation"",""benefit_descriptive"":""Açaí alleviates oxidative stress associated with type 2 diabetes.""},""8"":{""name"":""inflammation"",""benefit_exactly"":""alleviating gut dysbiosis and associated oxidative stress and inflammation"",""benefit_descriptive"":""Açaí reduces inflammation linked to type 2 diabetes.""},""44"":{""name"":""hyperuricemia"",""benefit_exactly"":""alleviating gut dysbiosis and associated oxidative stress and inflammation, and hyperuricemia associated with T2D"",""benefit_descriptive"":""Açaí helps manage hyperuricemia in type 2 diabetes.""}}","[{""type"":""glucose"",""name"":""glucose metabolism"",""benefit"":""enhancing glucose metabolism"",""short_description"":""Improved glucose metabolism is observed with açaí."",""quantity"":null},{""type"":""hba1c"",""name"":""glycated hemoglobin"",""benefit"":null,""short_description"":null,""quantity"":null}]",2026-06-07 13:00:30.855+02,2026-06-07 16:20:05.542+02,,,,,,,,,,,,,,,,,,,,,,,,,,,,,,,,,,,,,,,,
3773200,24,apple,Malus domestica,1,type 2 diabetes mellitus,5A11,http://id.who.int/icd/entity/119724091,Type 2 diabetes mellitus,4,ready,16,4,New Insights into the Efficacy of Aspalathin and Other Related Phytochemicals in Type 2 Diabetes-A Review.,https://pubmed.ncbi.nlm.nih.gov/35008779/,35008779,https://doi.org/10.3390/ijms23010356,10.3390/ijms23010356,https://www.ncbi.nlm.nih.gov/pmc/articles/PMC8745648/,PMC8745648,"Journal Article, Review",Review,2,2,0,2,apple and type 2 diabetes mellitus,"raw, juice, processed","{""1"":{""name"":""insulin resistance"",""benefit_exactly"":""The review covered the role of these compounds in attenuating insulin resistance and enhancing glucose metabolism"",""benefit_descriptive"":""Apple and its compounds help reduce insulin resistance and improve glucose metabolism.""},""2"":{""name"":""oxidative stress"",""benefit_exactly"":""alleviating gut dysbiosis and associated oxidative stress and inflammation"",""benefit_descriptive"":""Apple alleviates oxidative stress associated with type 2 diabetes.""},""8"":{""name"":""inflammation"",""benefit_exactly"":""alleviating gut dysbiosis and associated oxidative stress and inflammation"",""benefit_descriptive"":""Apple reduces inflammation linked to type 2 diabetes.""},""44"":{""name"":""hyperuricemia"",""benefit_exactly"":""alleviating gut dysbiosis and associated oxidative stress and inflammation, and hyperuricemia associated with T2D"",""benefit_descriptive"":""Apple helps manage hyperuricemia in type 2 diabetes.""}}","[{""type"":""glucose"",""name"":""glucose metabolism"",""benefit"":""enhancing glucose metabolism"",""short_description"":""Improved glucose metabolism is observed with apple."",""quantity"":null},{""type"":""hba1c"",""name"":""glycated hemoglobin"",""benefit"":null,""short_description"":null,""quantity"":null}]",2026-06-07 13:00:30.855+02,2026-06-07 16:20:05.542+02,,,,,,,,,,,,,,,,,,,,,,,,,,,,,,,,,,,,,,,,
3773200,48,passion fruit,Passiflora edulis,1,type 2 diabetes mellitus,5A11,http://id.who.int/icd/entity/119724091,Type 2 diabetes mellitus,1,ready,4,1,New Insights into the Efficacy of Aspalathin and Other Related Phytochemicals in Type 2 Diabetes-A Review.,https://pubmed.ncbi.nlm.nih.gov/35008779/,35008779,https://doi.org/10.3390/ijms23010356,10.3390/ijms23010356,https://www.ncbi.nlm.nih.gov/pmc/articles/PMC8745648/,PMC8745648,"Journal Article, Review",Review,2,2,0,2,passion fruit and type 2 diabetes mellitus,"raw, juice, pulp, processed","{""1"":{""name"":""insulin resistance"",""benefit_exactly"":""The review covered the role of these compounds in attenuating insulin resistance and enhancing glucose metabolism"",""benefit_descriptive"":""Passion fruit and its compounds help reduce insulin resistance and improve glucose metabolism.""},""2"":{""name"":""oxidative stress"",""benefit_exactly"":""alleviating gut dysbiosis and associated oxidative stress and inflammation"",""benefit_descriptive"":""Passion fruit alleviates oxidative stress associated with type 2 diabetes.""},""8"":{""name"":""inflammation"",""benefit_exactly"":""alleviating gut dysbiosis and associated oxidative stress and inflammation"",""benefit_descriptive"":""Passion fruit reduces inflammation linked to type 2 diabetes.""},""44"":{""name"":""hyperuricemia"",""benefit_exactly"":""alleviating gut dysbiosis and associated oxidative stress and inflammation, and hyperuricemia associated with T2D"",""benefit_descriptive"":""Passion fruit helps manage hyperuricemia in type 2 diabetes.""}}","[{""type"":""glucose"",""name"":""glucose metabolism"",""benefit"":""enhancing glucose metabolism"",""short_description"":""Improved glucose metabolism is observed with passion fruit."",""quantity"":null},{""type"":""hba1c"",""name"":""glycated hemoglobin"",""benefit"":null,""short_description"":null,""quantity"":null}]",2026-06-07 13:00:30.855+02,2026-06-07 16:20:05.542+02,,,,,,,,,,,,,,,,,,,,,,,,,,,,,,,,,,,,,,,,
3773200,58,guava,Psidium guajava,1,type 2 diabetes mellitus,5A11,http://id.who.int/icd/entity/119724091,Type 2 diabetes mellitus,3,ready,45,3,New Insights into the Efficacy of Aspalathin and Other Related Phytochemicals in Type 2 Diabetes-A Review.,https://pubmed.ncbi.nlm.nih.gov/35008779/,35008779,https://doi.org/10.3390/ijms23010356,10.3390/ijms23010356,https://www.ncbi.nlm.nih.gov/pmc/articles/PMC8745648/,PMC8745648,"Journal Article, Review",Review,2,2,0,2,guava and type 2 diabetes mellitus,"raw, processed, juice","{""1"":{""name"":""insulin resistance"",""benefit_exactly"":""The review covered the role of these compounds in attenuating insulin resistance and enhancing glucose metabolism"",""benefit_descriptive"":""Guava and its compounds help reduce insulin resistance and improve glucose metabolism.""},""2"":{""name"":""oxidative stress"",""benefit_exactly"":""alleviating gut dysbiosis and associated oxidative stress and inflammation"",""benefit_descriptive"":""Guava alleviates oxidative stress associated with type 2 diabetes.""},""8"":{""name"":""inflammation"",""benefit_exactly"":""alleviating gut dysbiosis and associated oxidative stress and inflammation"",""benefit_descriptive"":""Guava reduces inflammation linked to type 2 diabetes.""},""44"":{""name"":""hyperuricemia"",""benefit_exactly"":""alleviating gut dysbiosis and associated oxidative stress and inflammation, and hyperuricemia associated with T2D"",""benefit_descriptive"":""Guava helps manage hyperuricemia in type 2 diabetes.""}}","[{""type"":""glucose"",""name"":""glucose metabolism"",""benefit"":""enhancing glucose metabolism"",""short_description"":""Improved glucose metabolism is observed with guava."",""quantity"":null},{""type"":""hba1c"",""name"":""glycated hemoglobin"",""benefit"":null,""short_description"":null,""quantity"":null}]",2026-06-07 13:00:30.855+02,2026-06-07 16:20:05.542+02,,,,,,,,,,,,,,,,,,,,,,,,,,,,,,,,,,,,,,,,
3773200,558,mung bean,Vigna radiata,1,type 2 diabetes mellitus,5A11,http://id.who.int/icd/entity/119724091,Type 2 diabetes mellitus,1,ready,4,1,New Insights into the Efficacy of Aspalathin and Other Related Phytochemicals in Type 2 Diabetes-A Review.,https://pubmed.ncbi.nlm.nih.gov/35008779/,35008779,https://doi.org/10.3390/ijms23010356,10.3390/ijms23010356,https://www.ncbi.nlm.nih.gov/pmc/articles/PMC8745648/,PMC8745648,"Journal Article, Review",Review,2,2,0,2,mung bean and type 2 diabetes mellitus,"raw, cooked, soup, processed","{""1"":{""name"":""insulin resistance"",""benefit_exactly"":""The review covered the role of these compounds in attenuating insulin resistance and enhancing glucose metabolism"",""benefit_descriptive"":""Mung bean and its compounds help reduce insulin resistance and improve glucose metabolism.""},""2"":{""name"":""oxidative stress"",""benefit_exactly"":""alleviating gut dysbiosis and associated oxidative stress and inflammation"",""benefit_descriptive"":""Mung bean alleviates oxidative stress associated with type 2 diabetes.""},""8"":{""name"":""inflammation"",""benefit_exactly"":""alleviating gut dysbiosis and associated oxidative stress and inflammation"",""benefit_descriptive"":""Mung bean reduces inflammation linked to type 2 diabetes.""},""44"":{""name"":""hyperuricemia"",""benefit_exactly"":""alleviating gut dysbiosis and associated oxidative stress and inflammation, and hyperuricemia associated with T2D"",""benefit_descriptive"":""Mung bean helps manage hyperuricemia in type 2 diabetes.""}}","[{""type"":""glucose"",""name"":""glucose metabolism"",""benefit"":""enhancing glucose metabolism"",""short_description"":""Improved glucose metabolism is observed with mung bean."",""quantity"":null},{""type"":""hba1c"",""name"":""glycated hemoglobin"",""benefit"":null,""short_description"":null,""quantity"":null}]",2026-06-07 13:00:30.855+02,2026-06-07 16:20:05.542+02,,,,,,,,,,,,,,,,,,,,,,,,,,,,,,,,,,,,,,,,
3773201,791,coffee,Coffea arabica,1,type 2 diabetes mellitus,5A11,http://id.who.int/icd/entity/119724091,Type 2 diabetes mellitus,3,ready,12,3,Polyphenols and Glycemic Control.,https://pubmed.ncbi.nlm.nih.gov/26742071/,26742071,https://doi.org/10.3390/nu8010017,10.3390/nu8010017,https://www.ncbi.nlm.nih.gov/pmc/articles/PMC4728631/,PMC4728631,"Journal Article, Review",Review,2,2,0,2,coffee and type 2 diabetes mellitus,beverage,"{""1"":{""name"":""insulin resistance"",""benefit_exactly"":""Positive effects of coffee and tea on a lower risk of T2D were independent of weight or BMI."",""benefit_descriptive"":""Coffee consumption is associated with improved insulin sensitivity and a lower risk of type 2 diabetes, regardless of body weight.""}}","[{""type"":""glucose"",""name"":""fasting plasma glucose"",""benefit"":""Higher coffee consumption was associated with decreased fasting insulin and 2-h post-load glucose."",""short_description"":""Coffee consumption is linked to lower fasting plasma glucose levels and improved glucose tolerance."",""quantity"":null},{""type"":""hba1c"",""name"":""hemoglobin A1c"",""benefit"":null,""short_description"":null,""quantity"":null}]",2026-06-07 13:03:58.421+02,2026-06-07 16:20:05.542+02,,,,,,,,,,,,,,,,,,,,,,,,,,,,,,,,,,,,,,,,
3773201,77,cinnamon,Cinnamomum verum,1,type 2 diabetes mellitus,5A11,http://id.who.int/icd/entity/119724091,Type 2 diabetes mellitus,1,ready,4,1,Polyphenols and Glycemic Control.,https://pubmed.ncbi.nlm.nih.gov/26742071/,26742071,https://doi.org/10.3390/nu8010017,10.3390/nu8010017,https://www.ncbi.nlm.nih.gov/pmc/articles/PMC4728631/,PMC4728631,"Journal Article, Review",Review,2,2,0,2,cinnamon and type 2 diabetes mellitus,spice,"{""1"":{""name"":""insulin resistance"",""benefit_exactly"":""Cinnamon has shown potential to promote insulin signalling, and GLUT4 translocation in Swiss albino mouse embryo fibroblast line 3T3-L1 adipocytes."",""benefit_descriptive"":""Cinnamon improves insulin signaling and glucose uptake, which are beneficial for managing type 2 diabetes.""}}","[{""type"":""glucose"",""name"":""fasting plasma glucose"",""benefit"":""Cinnamon has shown potential to promote insulin signalling, and GLUT4 translocation in Swiss albino mouse embryo fibroblast line 3T3-L1 adipocytes."",""short_description"":""Cinnamon helps lower fasting plasma glucose levels by enhancing insulin signaling and glucose uptake."",""quantity"":null},{""type"":""hba1c"",""name"":""hemoglobin A1c"",""benefit"":null,""short_description"":null,""quantity"":null}]",2026-06-07 13:03:58.421+02,2026-06-07 16:20:05.542+02,,,,,,,,,,,,,,,,,,,,,,,,,,,,,,,,,,,,,,,,
3773201,497,chocolate,Theobroma cacao,1,type 2 diabetes mellitus,5A11,http://id.who.int/icd/entity/119724091,Type 2 diabetes mellitus,2,ready,4,2,Polyphenols and Glycemic Control.,https://pubmed.ncbi.nlm.nih.gov/26742071/,26742071,https://doi.org/10.3390/nu8010017,10.3390/nu8010017,https://www.ncbi.nlm.nih.gov/pmc/articles/PMC4728631/,PMC4728631,"Journal Article, Review",Review,2,2,0,0,chocolate and type 2 diabetes mellitus,consumption,"{""1"":{""name"":""insulin resistance"",""benefit_exactly"":null,""benefit_descriptive"":null}}","[{""type"":""glucose"",""name"":""fasting plasma glucose"",""benefit"":null,""short_description"":null,""quantity"":null},{""type"":""hba1c"",""name"":""hemoglobin A1c"",""benefit"":null,""short_description"":null,""quantity"":null}]",2026-06-07 13:03:58.421+02,2026-06-07 16:20:05.542+02,,,,,,,,,,,,,,,,,,,,,,,,,,,,,,,,,,,,,,,,
3773201,0,polyphenols,Punica granatum,1,type 2 diabetes mellitus,5A11,http://id.who.int/icd/entity/119724091,Type 2 diabetes mellitus,21,ready,0,21,Polyphenols and Glycemic Control.,https://pubmed.ncbi.nlm.nih.gov/26742071/,26742071,https://doi.org/10.3390/nu8010017,10.3390/nu8010017,https://www.ncbi.nlm.nih.gov/pmc/articles/PMC4728631/,PMC4728631,"Journal Article, Review",Review,2,2,0,2,polyphenols and type 2 diabetes mellitus,dietary intake,"{""1"":{""name"":""insulin resistance"",""benefit_exactly"":""Polyphenols may enhance insulin-dependent glucose uptake, activate 5′ adenosine monophosphate-activated protein kinase (AMPK), modify the microbiome and have anti-inflammatory effects."",""benefit_descriptive"":""Polyphenols improve insulin sensitivity and reduce inflammation, which are key factors in managing type 2 diabetes.""},""38"":{""name"":""glucose absorption"",""benefit_exactly"":""Polyphenols may inhibit glucose absorption in the intestine by sodium-dependent glucose transporter 1 (SGLT1)."",""benefit_descriptive"":""Polyphenols reduce glucose absorption in the intestines, helping to lower blood sugar levels.""},""39"":{""name"":""hepatic glucose output"",""benefit_exactly"":""Polyphenols may reduce hepatic glucose output."",""benefit_descriptive"":""Polyphenols help decrease the amount of glucose released by the liver, which is beneficial for controlling blood sugar levels.""}}","[{""type"":""glucose"",""name"":""fasting plasma glucose"",""benefit"":""Polyphenols may reduce hepatic glucose output."",""short_description"":""Polyphenols help lower fasting plasma glucose levels by reducing liver glucose production."",""quantity"":null},{""type"":""hba1c"",""name"":""hemoglobin A1c"",""benefit"":null,""short_description"":null,""quantity"":null}]",2026-06-07 13:03:58.421+02,2026-06-07 16:20:05.542+02,,,,,,,,,,,,,,,,,,,,,,,,,,,,,,,,,,,,,,,,
3773201,720,tea,Camellia sinensis,1,type 2 diabetes mellitus,5A11,http://id.who.int/icd/entity/119724091,Type 2 diabetes mellitus,3,ready,12,3,Polyphenols and Glycemic Control.,https://pubmed.ncbi.nlm.nih.gov/26742071/,26742071,https://doi.org/10.3390/nu8010017,10.3390/nu8010017,https://www.ncbi.nlm.nih.gov/pmc/articles/PMC4728631/,PMC4728631,"Journal Article, Review",Review,2,2,0,2,tea and type 2 diabetes mellitus,beverage,"{""1"":{""name"":""insulin resistance"",""benefit_exactly"":""Positive effects of coffee and tea on a lower risk of T2D were independent of weight or BMI."",""benefit_descriptive"":""Tea consumption is associated with improved insulin sensitivity and a lower risk of type 2 diabetes, regardless of body weight.""}}","[{""type"":""glucose"",""name"":""fasting plasma glucose"",""benefit"":""Green tea consumption was positively associated with HOMA–IR (p = 0.02) with no dose-response."",""short_description"":""Green tea consumption is linked to improved insulin resistance, as indicated by HOMA-IR levels."",""quantity"":null},{""type"":""hba1c"",""name"":""hemoglobin A1c"",""benefit"":null,""short_description"":null,""quantity"":null}]",2026-06-07 13:03:58.421+02,2026-06-07 16:20:05.542+02,,,,,,,,,,,,,,,,,,,,,,,,,,,,,,,,,,,,,,,,
3773201,22,grape,Vitis vinifera,1,type 2 diabetes mellitus,5A11,http://id.who.int/icd/entity/119724091,Type 2 diabetes mellitus,4,ready,16,3,Polyphenols and Glycemic Control.,https://pubmed.ncbi.nlm.nih.gov/26742071/,26742071,https://doi.org/10.3390/nu8010017,10.3390/nu8010017,https://www.ncbi.nlm.nih.gov/pmc/articles/PMC4728631/,PMC4728631,"Journal Article, Review",Review,2,2,0,2,grape and type 2 diabetes mellitus,fruit,"{""1"":{""name"":""insulin resistance"",""benefit_exactly"":""Enhanced insulin-mediated glucose uptake, a glucose transporter 4-mediated process, has been shown with dietary polyphenols including grape seed-derived procyanidins."",""benefit_descriptive"":""Grape-derived polyphenols improve insulin-mediated glucose uptake, which is beneficial for managing type 2 diabetes.""}}","[{""type"":""glucose"",""name"":""fasting plasma glucose"",""benefit"":""Enhanced insulin-mediated glucose uptake, a glucose transporter 4-mediated process, has been shown with dietary polyphenols including grape seed-derived procyanidins."",""short_description"":""Grape-derived polyphenols help lower fasting plasma glucose levels by enhancing insulin-mediated glucose uptake."",""quantity"":null},{""type"":""hba1c"",""name"":""hemoglobin A1c"",""benefit"":null,""short_description"":null,""quantity"":null}]",2026-06-07 13:03:58.421+02,2026-06-07 16:20:05.542+02,,,,,,,,,,,,,,,,,,,,,,,,,,,,,,,,,,,,,,,,
3773201,63,pomegranate,Punica granatum,1,type 2 diabetes mellitus,5A11,http://id.who.int/icd/entity/119724091,Type 2 diabetes mellitus,20,ready,310,20,Polyphenols and Glycemic Control.,https://pubmed.ncbi.nlm.nih.gov/26742071/,26742071,https://doi.org/10.3390/nu8010017,10.3390/nu8010017,https://www.ncbi.nlm.nih.gov/pmc/articles/PMC4728631/,PMC4728631,"Journal Article, Review",Review,2,2,0,0,pomegranate and type 2 diabetes mellitus,fruit,"{""1"":{""name"":""insulin resistance"",""benefit_exactly"":null,""benefit_descriptive"":null}}","[{""type"":""glucose"",""name"":""fasting plasma glucose"",""benefit"":null,""short_description"":null,""quantity"":null},{""type"":""hba1c"",""name"":""hemoglobin A1c"",""benefit"":null,""short_description"":null,""quantity"":null}]",2026-06-07 13:03:58.421+02,2026-06-07 16:20:05.542+02,,,,,,,,,,,,,,,,,,,,,,,,,,,,,,,,,,,,,,,,
3773201,752,olive oil,Olea europaea,1,type 2 diabetes mellitus,5A11,http://id.who.int/icd/entity/119724091,Type 2 diabetes mellitus,2,ready,4,2,Polyphenols and Glycemic Control.,https://pubmed.ncbi.nlm.nih.gov/26742071/,26742071,https://doi.org/10.3390/nu8010017,10.3390/nu8010017,https://www.ncbi.nlm.nih.gov/pmc/articles/PMC4728631/,PMC4728631,"Journal Article, Review",Review,2,2,0,0,olive oil and type 2 diabetes mellitus,oil,"{""1"":{""name"":""insulin resistance"",""benefit_exactly"":null,""benefit_descriptive"":null}}","[{""type"":""glucose"",""name"":""fasting plasma glucose"",""benefit"":null,""short_description"":null,""quantity"":null},{""type"":""hba1c"",""name"":""hemoglobin A1c"",""benefit"":null,""short_description"":null,""quantity"":null}]",2026-06-07 13:03:58.421+02,2026-06-07 16:20:05.542+02,,,,,,,,,,,,,,,,,,,,,,,,,,,,,,,,,,,,,,,,
3773201,24,apple,Malus domestica,1,type 2 diabetes mellitus,5A11,http://id.who.int/icd/entity/119724091,Type 2 diabetes mellitus,4,ready,16,3,Polyphenols and Glycemic Control.,https://pubmed.ncbi.nlm.nih.gov/26742071/,26742071,https://doi.org/10.3390/nu8010017,10.3390/nu8010017,https://www.ncbi.nlm.nih.gov/pmc/articles/PMC4728631/,PMC4728631,"Journal Article, Review",Review,2,2,0,2,apple and type 2 diabetes mellitus,fruit,"{""1"":{""name"":""insulin resistance"",""benefit_exactly"":""Apple consumption was associated with a 28% lower T2D risk."",""benefit_descriptive"":""Apple consumption reduces the risk of type 2 diabetes.""}}","[{""type"":""glucose"",""name"":""fasting plasma glucose"",""benefit"":null,""short_description"":null,""quantity"":null},{""type"":""hba1c"",""name"":""HbA1c"",""benefit"":null,""short_description"":null,""quantity"":null},{""type"":""insulin"",""name"":""insulin levels"",""benefit"":null,""short_description"":null,""quantity"":null}]",2026-06-07 13:03:58.421+02,2026-06-07 16:20:05.542+02,,,,,,,,,,,,,,,,,,,,,,,,,,,,,,,,,,,,,,,,
3773202,0,Unknown,Punica granatum,1,type 2 diabetes mellitus,5A11,http://id.who.int/icd/entity/119724091,Type 2 diabetes mellitus,21,ready,0,22,Protective Role of Dietary Polyphenols in the Management and Treatment of Type 2 Diabetes Mellitus.,https://pubmed.ncbi.nlm.nih.gov/39861406/,39861406,https://doi.org/10.3390/nu17020275,10.3390/nu17020275,https://www.ncbi.nlm.nih.gov/pmc/articles/PMC11767469/,PMC11767469,"Journal Article, Review",NULL,2,2,0,0,Unknown and type 2 diabetes mellitus,extract,{},"[{""type"":""hba1c"",""name"":""HbA1c"",""benefit"":""lower hyperglycemia"",""short_description"":""Reduces blood glucose levels, improving glycemic control."",""quantity"":null}]",2026-06-07 16:00:42.923+02,2026-06-07 16:20:05.542+02,,,,,,,,,,,,,,,,,,,,,,,,,,,,,,,,,,,,,,,,
3773202,563,kidney bean,Phaseolus vulgaris,1,type 2 diabetes mellitus,5A11,http://id.who.int/icd/entity/119724091,Type 2 diabetes mellitus,1,ready,4,1,Protective Role of Dietary Polyphenols in the Management and Treatment of Type 2 Diabetes Mellitus.,https://pubmed.ncbi.nlm.nih.gov/39861406/,39861406,https://doi.org/10.3390/nu17020275,10.3390/nu17020275,https://www.ncbi.nlm.nih.gov/pmc/articles/PMC11767469/,PMC11767469,"Journal Article, Review",Review,2,2,NULL,2,kidney bean and type 2 diabetes mellitus,extract,"{""1"":{""name"":""insulin resistance"",""benefit_exactly"":""enhance insulin sensitivity"",""benefit_descriptive"":""Improves insulin sensitivity, reducing insulin resistance.""},""2"":{""name"":""oxidative stress"",""benefit_exactly"":""scavenge reactive oxygen species"",""benefit_descriptive"":""Reduces oxidative stress by neutralizing reactive oxygen species.""}}","[{""type"":""glucose"",""name"":""blood glucose levels"",""benefit"":""lower hyperglycemia"",""short_description"":""Reduces elevated blood glucose levels."",""quantity"":null}]",2026-06-07 16:00:42.923+02,2026-06-07 16:20:05.542+02,,,,,,,,,,,,,,,,,,,,,,,,,,,,,,,,,,,,,,,,
3773202,457,anthocyanins,"Cyanidin, Delphinidin, Malvidin, Pelargonidin, Petunidin, Peonidin",1,type 2 diabetes mellitus,5A11,http://id.who.int/icd/entity/119724091,Type 2 diabetes mellitus,3,ready,12,2,Protective Role of Dietary Polyphenols in the Management and Treatment of Type 2 Diabetes Mellitus.,https://pubmed.ncbi.nlm.nih.gov/39861406/,39861406,https://doi.org/10.3390/nu17020275,10.3390/nu17020275,https://www.ncbi.nlm.nih.gov/pmc/articles/PMC11767469/,PMC11767469,"Journal Article, Review",Review,2,2,NULL,2,anthocyanins and type 2 diabetes mellitus,extract,"{""1"":{""name"":""insulin resistance"",""benefit_exactly"":""enhance insulin sensitivity"",""benefit_descriptive"":""Improves insulin sensitivity, reducing insulin resistance.""},""2"":{""name"":""oxidative stress"",""benefit_exactly"":""scavenge reactive oxygen species"",""benefit_descriptive"":""Reduces oxidative stress by neutralizing reactive oxygen species.""}}","[{""type"":""glucose"",""name"":""blood glucose levels"",""benefit"":""lower hyperglycemia"",""short_description"":""Reduces elevated blood glucose levels."",""quantity"":null}]",2026-06-07 16:00:42.923+02,2026-06-07 16:20:05.542+02,,,,,,,,,,,,,,,,,,,,,,,,,,,,,,,,,,,,,,,,
3773202,782,vinegar,Acetic acid,1,type 2 diabetes mellitus,5A11,http://id.who.int/icd/entity/119724091,Type 2 diabetes mellitus,1,ready,4,1,Protective Role of Dietary Polyphenols in the Management and Treatment of Type 2 Diabetes Mellitus.,https://pubmed.ncbi.nlm.nih.gov/39861406/,39861406,https://doi.org/10.3390/nu17020275,10.3390/nu17020275,https://www.ncbi.nlm.nih.gov/pmc/articles/PMC11767469/,PMC11767469,"Journal Article, Review",Review,2,2,NULL,2,vinegar and type 2 diabetes mellitus,extract,"{""1"":{""name"":""insulin resistance"",""benefit_exactly"":""enhance insulin sensitivity"",""benefit_descriptive"":""Improves insulin sensitivity, reducing insulin resistance.""},""2"":{""name"":""oxidative stress"",""benefit_exactly"":""scavenge reactive oxygen species"",""benefit_descriptive"":""Reduces oxidative stress by neutralizing reactive oxygen species.""}}","[{""type"":""glucose"",""name"":""blood glucose levels"",""benefit"":""lower hyperglycemia"",""short_description"":""Reduces elevated blood glucose levels."",""quantity"":null}]",2026-06-07 16:00:42.923+02,2026-06-07 16:20:05.542+02,,,,,,,,,,,,,,,,,,,,,,,,,,,,,,,,,,,,,,,,
3773202,58,guava,Psidium guajava,1,type 2 diabetes mellitus,5A11,http://id.who.int/icd/entity/119724091,Type 2 diabetes mellitus,3,ready,45,2,Protective Role of Dietary Polyphenols in the Management and Treatment of Type 2 Diabetes Mellitus.,https://pubmed.ncbi.nlm.nih.gov/39861406/,39861406,https://doi.org/10.3390/nu17020275,10.3390/nu17020275,https://www.ncbi.nlm.nih.gov/pmc/articles/PMC11767469/,PMC11767469,"Journal Article, Review",Review,2,2,NULL,2,guava and type 2 diabetes mellitus,tea,"{""1"":{""name"":""insulin resistance"",""benefit_exactly"":""enhance insulin sensitivity"",""benefit_descriptive"":""Improves insulin sensitivity, reducing insulin resistance.""},""2"":{""name"":""oxidative stress"",""benefit_exactly"":""scavenge reactive oxygen species"",""benefit_descriptive"":""Reduces oxidative stress by neutralizing reactive oxygen species.""}}","[{""type"":""glucose"",""name"":""blood glucose levels"",""benefit"":""lower hyperglycemia"",""short_description"":""Reduces elevated blood glucose levels."",""quantity"":null}]",2026-06-07 16:00:42.923+02,2026-06-07 16:20:05.542+02,,,,,,,,,,,,,,,,,,,,,,,,,,,,,,,,,,,,,,,,
3773202,724,cocoa,Theobroma cacao,1,type 2 diabetes mellitus,5A11,http://id.who.int/icd/entity/119724091,Type 2 diabetes mellitus,1,ready,4,1,Protective Role of Dietary Polyphenols in the Management and Treatment of Type 2 Diabetes Mellitus.,https://pubmed.ncbi.nlm.nih.gov/39861406/,39861406,https://doi.org/10.3390/nu17020275,10.3390/nu17020275,https://www.ncbi.nlm.nih.gov/pmc/articles/PMC11767469/,PMC11767469,"Journal Article, Review",Review,2,2,NULL,2,cocoa and type 2 diabetes mellitus,extract,"{""1"":{""name"":""insulin resistance"",""benefit_exactly"":""enhance insulin sensitivity"",""benefit_descriptive"":""Improves insulin sensitivity, reducing insulin resistance.""},""2"":{""name"":""oxidative stress"",""benefit_exactly"":""scavenge reactive oxygen species"",""benefit_descriptive"":""Reduces oxidative stress by neutralizing reactive oxygen species.""}}","[{""type"":""glucose"",""name"":""blood glucose levels"",""benefit"":""lower hyperglycemia"",""short_description"":""Reduces elevated blood glucose levels."",""quantity"":null}]",2026-06-07 16:00:42.923+02,2026-06-07 16:20:05.542+02,,,,,,,,,,,,,,,,,,,,,,,,,,,,,,,,,,,,,,,,
3773202,752,olive oil,Olea europaea,1,type 2 diabetes mellitus,5A11,http://id.who.int/icd/entity/119724091,Type 2 diabetes mellitus,2,ready,4,1,Protective Role of Dietary Polyphenols in the Management and Treatment of Type 2 Diabetes Mellitus.,https://pubmed.ncbi.nlm.nih.gov/39861406/,39861406,https://doi.org/10.3390/nu17020275,10.3390/nu17020275,https://www.ncbi.nlm.nih.gov/pmc/articles/PMC11767469/,PMC11767469,"Journal Article, Review",Review,2,2,NULL,2,olive oil and type 2 diabetes mellitus,extract,"{""1"":{""name"":""insulin resistance"",""benefit_exactly"":""enhance insulin sensitivity"",""benefit_descriptive"":""Improves insulin sensitivity, reducing insulin resistance.""},""2"":{""name"":""oxidative stress"",""benefit_exactly"":""scavenge reactive oxygen species"",""benefit_descriptive"":""Reduces oxidative stress by neutralizing reactive oxygen species.""}}","[{""type"":""glucose"",""name"":""blood glucose levels"",""benefit"":""lower hyperglycemia"",""short_description"":""Reduces elevated blood glucose levels."",""quantity"":null}]",2026-06-07 16:00:42.923+02,2026-06-07 16:20:05.542+02,,,,,,,,,,,,,,,,,,,,,,,,,,,,,,,,,,,,,,,,
3773202,497,chocolate,Theobroma cacao,1,type 2 diabetes mellitus,5A11,http://id.who.int/icd/entity/119724091,Type 2 diabetes mellitus,2,ready,4,1,Protective Role of Dietary Polyphenols in the Management and Treatment of Type 2 Diabetes Mellitus.,https://pubmed.ncbi.nlm.nih.gov/39861406/,39861406,https://doi.org/10.3390/nu17020275,10.3390/nu17020275,https://www.ncbi.nlm.nih.gov/pmc/articles/PMC11767469/,PMC11767469,"Journal Article, Review",Review,2,2,NULL,2,chocolate and type 2 diabetes mellitus,extract,"{""1"":{""name"":""insulin resistance"",""benefit_exactly"":""enhance insulin sensitivity"",""benefit_descriptive"":""Improves insulin sensitivity, reducing insulin resistance.""},""2"":{""name"":""oxidative stress"",""benefit_exactly"":""scavenge reactive oxygen species"",""benefit_descriptive"":""Reduces oxidative stress by neutralizing reactive oxygen species.""}}","[{""type"":""glucose"",""name"":""blood glucose levels"",""benefit"":""lower hyperglycemia"",""short_description"":""Reduces elevated blood glucose levels."",""quantity"":null}]",2026-06-07 16:00:42.923+02,2026-06-07 16:20:05.542+02,,,,,,,,,,,,,,,,,,,,,,,,,,,,,,,,,,,,,,,,
3773202,720,tea,Camellia sinensis,1,type 2 diabetes mellitus,5A11,http://id.who.int/icd/entity/119724091,Type 2 diabetes mellitus,3,ready,12,1,Protective Role of Dietary Polyphenols in the Management and Treatment of Type 2 Diabetes Mellitus.,https://pubmed.ncbi.nlm.nih.gov/39861406/,39861406,https://doi.org/10.3390/nu17020275,10.3390/nu17020275,https://www.ncbi.nlm.nih.gov/pmc/articles/PMC11767469/,PMC11767469,"Journal Article, Review",Review,2,2,NULL,2,tea and type 2 diabetes mellitus,beverage,"{""1"":{""name"":""insulin resistance"",""benefit_exactly"":""enhance insulin sensitivity"",""benefit_descriptive"":""Improves insulin sensitivity, reducing insulin resistance.""},""2"":{""name"":""oxidative stress"",""benefit_exactly"":""scavenge reactive oxygen species"",""benefit_descriptive"":""Reduces oxidative stress by neutralizing reactive oxygen species.""}}","[{""type"":""glucose"",""name"":""blood glucose levels"",""benefit"":""lower hyperglycemia"",""short_description"":""Reduces elevated blood glucose levels."",""quantity"":null}]",2026-06-07 16:00:42.923+02,2026-06-07 16:20:05.542+02,,,,,,,,,,,,,,,,,,,,,,,,,,,,,,,,,,,,,,,,
3773202,63,pomegranate,Punica granatum,1,type 2 diabetes mellitus,5A11,http://id.who.int/icd/entity/119724091,Type 2 diabetes mellitus,20,ready,310,15,Protective Role of Dietary Polyphenols in the Management and Treatment of Type 2 Diabetes Mellitus.,https://pubmed.ncbi.nlm.nih.gov/39861406/,39861406,https://doi.org/10.3390/nu17020275,10.3390/nu17020275,https://www.ncbi.nlm.nih.gov/pmc/articles/PMC11767469/,PMC11767469,"Journal Article, Review",Review,2,2,NULL,2,pomegranate and type 2 diabetes mellitus,extract,"{""1"":{""name"":""insulin resistance"",""benefit_exactly"":""enhance insulin sensitivity"",""benefit_descriptive"":""Improves insulin sensitivity, reducing insulin resistance.""},""2"":{""name"":""oxidative stress"",""benefit_exactly"":""scavenge reactive oxygen species"",""benefit_descriptive"":""Reduces oxidative stress by neutralizing reactive oxygen species.""}}","[{""type"":""glucose"",""name"":""blood glucose levels"",""benefit"":""lower hyperglycemia"",""short_description"":""Reduces elevated blood glucose levels."",""quantity"":null}]",2026-06-07 16:00:42.923+02,2026-06-07 16:20:05.542+02,,,,,,,,,,,,,,,,,,,,,,,,,,,,,,,,,,,,,,,,
3773202,791,coffee,Coffea arabica,1,type 2 diabetes mellitus,5A11,http://id.who.int/icd/entity/119724091,Type 2 diabetes mellitus,3,ready,12,2,Protective Role of Dietary Polyphenols in the Management and Treatment of Type 2 Diabetes Mellitus.,https://pubmed.ncbi.nlm.nih.gov/39861406/,39861406,https://doi.org/10.3390/nu17020275,10.3390/nu17020275,https://www.ncbi.nlm.nih.gov/pmc/articles/PMC11767469/,PMC11767469,"Journal Article, Review",Review,2,2,NULL,2,coffee and type 2 diabetes mellitus,beverage,"{""1"":{""name"":""insulin resistance"",""benefit_exactly"":""enhance insulin sensitivity"",""benefit_descriptive"":""Improves insulin sensitivity, reducing insulin resistance.""},""2"":{""name"":""oxidative stress"",""benefit_exactly"":""scavenge reactive oxygen species"",""benefit_descriptive"":""Reduces oxidative stress by neutralizing reactive oxygen species.""}}","[{""type"":""glucose"",""name"":""blood glucose levels"",""benefit"":""lower hyperglycemia"",""short_description"":""Reduces elevated blood glucose levels."",""quantity"":null}]",2026-06-07 16:00:42.923+02,2026-06-07 16:20:05.542+02,,,,,,,,,,,,,,,,,,,,,,,,,,,,,,,,,,,,,,,,
3089242,0,angiotensin ii,null,3,hypertension,BA00,http://id.who.int/icd/entity/761947693,Essential hypertension,1,ready,0,1,Effect of pomegranate juice on Angiotensin II-induced hypertension in diabetic Wistar rats.,https://pubmed.ncbi.nlm.nih.gov/20020514/,20020514,https://doi.org/10.1002/ptr.3090,10.1002/ptr.3090,No PMC available,NULL,Journal Article,Clinical Trial,0,4,NULL,4,angiotensin ii and hypertension,subcutaneous administration,"{""54"":{""name"":""vasoconstriction"",""benefit_exactly"":""null"",""benefit_descriptive"":""Angiotensin II causes vasoconstriction leading to hypertension.""}}","[{""type"":""alt_gpt"",""name"":""blood pressure"",""benefit"":""null"",""short_description"":""Angiotensin II increases blood pressure."",""quantity"":null}]",2026-06-07 11:05:04.601+02,2026-06-07 11:05:06.344+02,,,,,,,,,,,,,,,,,,,,,,,,,,,,,,,,,,,,,,,,
3089242,0,streptozotocin,null,17,diabetes mellitus type 1,5A10,http://id.who.int/icd/entity/1651053999,Type 1 diabetes mellitus,1,ready,0,1,Effect of pomegranate juice on Angiotensin II-induced hypertension in diabetic Wistar rats.,https://pubmed.ncbi.nlm.nih.gov/20020514/,20020514,https://doi.org/10.1002/ptr.3090,10.1002/ptr.3090,No PMC available,NULL,Journal Article,Clinical Trial,0,4,NULL,4,streptozotocin and diabetes mellitus type 1,intravenous administration,"{""53"":{""name"":""beta-cell destruction"",""benefit_exactly"":""null"",""benefit_descriptive"":""Streptozotocin induces diabetes by destroying pancreatic beta cells.""}}","[{""type"":""alt_gpt"",""name"":""blood glucose"",""benefit"":""null"",""short_description"":""Streptozotocin induces hyperglycemia."",""quantity"":null}]",2026-06-07 11:05:04.601+02,2026-06-07 11:05:06.344+02,,,,,,,,,,,,,,,,,,,,,,,,,,,,,,,,,,,,,,,,
3089242,63,pomegranate,Punica granatum,17,diabetes mellitus type 1,5A10,http://id.who.int/icd/entity/1651053999,Type 1 diabetes mellitus,1,ready,16,1,Effect of pomegranate juice on Angiotensin II-induced hypertension in diabetic Wistar rats.,https://pubmed.ncbi.nlm.nih.gov/20020514/,20020514,https://doi.org/10.1002/ptr.3090,10.1002/ptr.3090,No PMC available,NULL,Journal Article,Clinical Trial,0,4,NULL,4,pomegranate and diabetes mellitus type 1,juice extract,"{""52"":{""name"":""oxidative stress"",""benefit_exactly"":""PJ treatment also caused a significant decrease in levels of thiobarbituric acid reactive substances (TBARS) in kidney and pancreas while activities of enzymes superoxide dismutase (SOD), catalase (CAT), and glutathione reductase (GSH) showed significant elevation."",""benefit_descriptive"":""Pomegranate juice reduced oxidative stress markers and increased antioxidant enzyme activities.""}}","[{""type"":""alt_gpt"",""name"":""thiobarbituric acid reactive substances (TBARS)"",""benefit"":""PJ treatment also caused a significant decrease in levels of thiobarbituric acid reactive substances (TBARS) in kidney and pancreas"",""short_description"":""Pomegranate juice significantly reduced TBARS levels in kidney and pancreas."",""quantity"":null},{""type"":""alt_gpt"",""name"":""superoxide dismutase (SOD)"",""benefit"":""activities of enzymes superoxide dismutase (SOD), catalase (CAT), and glutathione reductase (GSH) showed significant elevation."",""short_description"":""Pomegranate juice increased SOD activity."",""quantity"":null},{""type"":""alt_gpt"",""name"":""catalase (CAT)"",""benefit"":""activities of enzymes superoxide dismutase (SOD), catalase (CAT), and glutathione reductase (GSH) showed significant elevation."",""short_description"":""Pomegranate juice increased CAT activity."",""quantity"":null},{""type"":""alt_gpt"",""name"":""glutathione reductase (GSH)"",""benefit"":""activities of enzymes superoxide dismutase (SOD), catalase (CAT), and glutathione reductase (GSH) showed significant elevation."",""short_description"":""Pomegranate juice increased GSH activity."",""quantity"":null}]",2026-06-07 11:05:04.601+02,2026-06-07 11:05:06.344+02,,,,,,,,,,,,,,,,,,,,,,,,,,,,,,,,,,,,,,,,
3089242,63,pomegranate,Punica granatum,3,hypertension,BA00,http://id.who.int/icd/entity/761947693,Essential hypertension,2,ready,24,1,Effect of pomegranate juice on Angiotensin II-induced hypertension in diabetic Wistar rats.,https://pubmed.ncbi.nlm.nih.gov/20020514/,20020514,https://doi.org/10.1002/ptr.3090,10.1002/ptr.3090,No PMC available,NULL,Journal Article,Clinical Trial,0,4,NULL,4,pomegranate and hypertension,juice extract,"{""50"":{""name"":""oxidative stress"",""benefit_exactly"":""PJ treatment also caused a significant decrease in levels of thiobarbituric acid reactive substances (TBARS) in kidney and pancreas while activities of enzymes superoxide dismutase (SOD), catalase (CAT), and glutathione reductase (GSH) showed significant elevation."",""benefit_descriptive"":""Pomegranate juice reduced oxidative stress markers and increased antioxidant enzyme activities.""},""51"":{""name"":""Angiotensin II-induced hypertension"",""benefit_exactly"":""PJ extract could prevent the development of high blood pressure induced by Ang II in diabetic rats probably by combating the oxidative stress induced by diabetes and Ang II and by inhibiting ACE activity."",""benefit_descriptive"":""Pomegranate juice prevented hypertension by reducing oxidative stress and inhibiting ACE activity.""}}","[{""type"":""alt_gpt"",""name"":""thiobarbituric acid reactive substances (TBARS)"",""benefit"":""PJ treatment also caused a significant decrease in levels of thiobarbituric acid reactive substances (TBARS) in kidney and pancreas"",""short_description"":""Pomegranate juice significantly reduced TBARS levels in kidney and pancreas."",""quantity"":null},{""type"":""alt_gpt"",""name"":""superoxide dismutase (SOD)"",""benefit"":""activities of enzymes superoxide dismutase (SOD), catalase (CAT), and glutathione reductase (GSH) showed significant elevation."",""short_description"":""Pomegranate juice increased SOD activity."",""quantity"":null},{""type"":""alt_gpt"",""name"":""catalase (CAT)"",""benefit"":""activities of enzymes superoxide dismutase (SOD), catalase (CAT), and glutathione reductase (GSH) showed significant elevation."",""short_description"":""Pomegranate juice increased CAT activity."",""quantity"":null},{""type"":""alt_gpt"",""name"":""glutathione reductase (GSH)"",""benefit"":""activities of enzymes superoxide dismutase (SOD), catalase (CAT), and glutathione reductase (GSH) showed significant elevation."",""short_description"":""Pomegranate juice increased GSH activity."",""quantity"":null}]",2026-06-07 11:05:04.601+02,2026-06-07 11:05:06.344+02,,,,,,,,,,,,,,,,,,,,,,,,,,,,,,,,,,,,,,,,